,Domain,Date
0,chargeleader.net,2013-01-01
1,cleanleader.net,2013-01-01
2,chargeneedle.net,2013-01-01
3,cleanneedle.net,2013-01-01
4,chargelength.net,2013-01-01
5,cleanlength.net,2013-01-01
6,chargeneither.net,2013-01-01
7,cleanneither.net,2013-01-01
8,chiefleader.net,2013-01-01
9,clearleader.net,2013-01-01
10,chiefneedle.net,2013-01-01
11,clearneedle.net,2013-01-01
12,chieflength.net,2013-01-01
13,clearlength.net,2013-01-01
14,chiefneither.net,2013-01-01
15,clearneither.net,2013-01-01
16,considerleader.net,2013-01-01
17,crowdleader.net,2013-01-01
18,considerneedle.net,2013-01-01
19,crowdneedle.net,2013-01-01
20,considerlength.net,2013-01-01
21,crowdlength.net,2013-01-01
22,considerneither.net,2013-01-01
23,crowdneither.net,2013-01-01
24,containleader.net,2013-01-01
25,daughterleader.net,2013-01-01
26,containneedle.net,2013-01-01
27,daughterneedle.net,2013-01-01
28,containlength.net,2013-01-01
29,daughterlength.net,2013-01-01
30,containneither.net,2013-01-01
31,daughterneither.net,2013-01-01
32,chooseleader.net,2013-01-01
33,collegeleader.net,2013-01-01
34,chooseneedle.net,2013-01-01
35,collegeneedle.net,2013-01-01
36,chooselength.net,2013-01-01
37,collegelength.net,2013-01-01
38,chooseneither.net,2013-01-01
39,collegeneither.net,2013-01-01
40,cigaretteleader.net,2013-01-01
41,companyleader.net,2013-01-01
42,cigaretteneedle.net,2013-01-01
43,companyneedle.net,2013-01-01
44,cigarettelength.net,2013-01-01
45,companylength.net,2013-01-01
46,cigaretteneither.net,2013-01-01
47,companyneither.net,2013-01-01
48,cornerleader.net,2013-01-01
49,delightleader.net,2013-01-01
50,cornerneedle.net,2013-01-01
51,delightneedle.net,2013-01-01
52,cornerlength.net,2013-01-01
53,delightlength.net,2013-01-01
54,cornerneither.net,2013-01-01
55,delightneither.net,2013-01-01
56,countryleader.net,2013-01-01
57,demandleader.net,2013-01-01
58,countryneedle.net,2013-01-01
59,demandneedle.net,2013-01-01
60,countrylength.net,2013-01-01
61,demandlength.net,2013-01-01
62,countryneither.net,2013-01-01
63,demandneither.net,2013-01-01
64,chargemanner.net,2013-01-01
65,cleanmanner.net,2013-01-01
66,chargenumber.net,2013-01-01
67,cleannumber.net,2013-01-01
68,chargemaster.net,2013-01-01
69,cleanmaster.net,2013-01-01
70,chargeoclock.net,2013-01-01
71,cleanoclock.net,2013-01-01
72,chiefmanner.net,2013-01-01
73,clearmanner.net,2013-01-01
74,chiefnumber.net,2013-01-01
75,clearnumber.net,2013-01-01
76,chiefmaster.net,2013-01-01
77,clearmaster.net,2013-01-01
78,chiefoclock.net,2013-01-01
79,clearoclock.net,2013-01-01
80,considermanner.net,2013-01-01
81,crowdmanner.net,2013-01-01
82,considernumber.net,2013-01-01
83,crowdnumber.net,2013-01-01
84,considermaster.net,2013-01-01
85,abovemillion.net,2013-01-02
86,alreadymillion.net,2013-01-02
87,abovepeople.net,2013-01-02
88,alreadypeople.net,2013-01-02
89,abovemister.net,2013-01-02
90,alreadymister.net,2013-01-02
91,aboveperhaps.net,2013-01-02
92,alreadyperhaps.net,2013-01-02
93,actionmillion.net,2013-01-02
94,althoughmillion.net,2013-01-02
95,actionpeople.net,2013-01-02
96,althoughpeople.net,2013-01-02
97,actionmister.net,2013-01-02
98,althoughmister.net,2013-01-02
99,actionperhaps.net,2013-01-02
100,althoughperhaps.net,2013-01-02
101,answermillion.net,2013-01-02
102,basketmillion.net,2013-01-02
103,answerpeople.net,2013-01-02
104,basketpeople.net,2013-01-02
105,answermister.net,2013-01-02
106,basketmister.net,2013-01-02
107,answerperhaps.net,2013-01-02
108,basketperhaps.net,2013-01-02
109,appearmillion.net,2013-01-02
110,battlemillion.net,2013-01-02
111,appearpeople.net,2013-01-02
112,battlepeople.net,2013-01-02
113,appearmister.net,2013-01-02
114,battlemister.net,2013-01-02
115,appearperhaps.net,2013-01-02
116,battleperhaps.net,2013-01-02
117,againstmillion.net,2013-01-02
118,angermillion.net,2013-01-02
119,againstpeople.net,2013-01-02
120,angerpeople.net,2013-01-02
121,againstmister.net,2013-01-02
122,angermister.net,2013-01-02
123,againstperhaps.net,2013-01-02
124,angerperhaps.net,2013-01-02
125,airplanemillion.net,2013-01-02
126,angrymillion.net,2013-01-02
127,airplanepeople.net,2013-01-02
128,angrypeople.net,2013-01-02
129,airplanemister.net,2013-01-02
130,angrymister.net,2013-01-02
131,airplaneperhaps.net,2013-01-02
132,angryperhaps.net,2013-01-02
133,arrivemillion.net,2013-01-02
134,becausemillion.net,2013-01-02
135,arrivepeople.net,2013-01-02
136,becausepeople.net,2013-01-02
137,arrivemister.net,2013-01-02
138,becausemister.net,2013-01-02
139,arriveperhaps.net,2013-01-02
140,becauseperhaps.net,2013-01-02
141,articlemillion.net,2013-01-02
142,becomemillion.net,2013-01-02
143,articlepeople.net,2013-01-02
144,becomepeople.net,2013-01-02
145,articlemister.net,2013-01-02
146,becomemister.net,2013-01-02
147,articleperhaps.net,2013-01-02
148,becomeperhaps.net,2013-01-02
149,abovenation.net,2013-01-02
150,alreadynation.net,2013-01-02
151,abovepleasure.net,2013-01-02
152,alreadypleasure.net,2013-01-02
153,abovenearly.net,2013-01-02
154,alreadynearly.net,2013-01-02
155,abovepossible.net,2013-01-02
156,alreadypossible.net,2013-01-02
157,actionnation.net,2013-01-02
158,althoughnation.net,2013-01-02
159,actionpleasure.net,2013-01-02
160,althoughpleasure.net,2013-01-02
161,actionnearly.net,2013-01-02
162,althoughnearly.net,2013-01-02
163,actionpossible.net,2013-01-02
164,althoughpossible.net,2013-01-02
165,answernation.net,2013-01-02
166,basketnation.net,2013-01-02
167,answerpleasure.net,2013-01-02
168,basketpleasure.net,2013-01-02
169,answernearly.net,2013-01-02
170,aboveleader.net,2013-01-03
171,alreadyleader.net,2013-01-03
172,aboveneedle.net,2013-01-03
173,alreadyneedle.net,2013-01-03
174,abovelength.net,2013-01-03
175,alreadylength.net,2013-01-03
176,aboveneither.net,2013-01-03
177,alreadyneither.net,2013-01-03
178,actionleader.net,2013-01-03
179,althoughleader.net,2013-01-03
180,actionneedle.net,2013-01-03
181,althoughneedle.net,2013-01-03
182,actionlength.net,2013-01-03
183,althoughlength.net,2013-01-03
184,actionneither.net,2013-01-03
185,althoughneither.net,2013-01-03
186,answerleader.net,2013-01-03
187,basketleader.net,2013-01-03
188,answerneedle.net,2013-01-03
189,basketneedle.net,2013-01-03
190,answerlength.net,2013-01-03
191,basketlength.net,2013-01-03
192,answerneither.net,2013-01-03
193,basketneither.net,2013-01-03
194,appearleader.net,2013-01-03
195,battleleader.net,2013-01-03
196,appearneedle.net,2013-01-03
197,battleneedle.net,2013-01-03
198,appearlength.net,2013-01-03
199,battlelength.net,2013-01-03
200,appearneither.net,2013-01-03
201,battleneither.net,2013-01-03
202,againstleader.net,2013-01-03
203,angerleader.net,2013-01-03
204,againstneedle.net,2013-01-03
205,angerneedle.net,2013-01-03
206,againstlength.net,2013-01-03
207,angerlength.net,2013-01-03
208,againstneither.net,2013-01-03
209,angerneither.net,2013-01-03
210,airplaneleader.net,2013-01-03
211,angryleader.net,2013-01-03
212,airplaneneedle.net,2013-01-03
213,angryneedle.net,2013-01-03
214,airplanelength.net,2013-01-03
215,angrylength.net,2013-01-03
216,airplaneneither.net,2013-01-03
217,angryneither.net,2013-01-03
218,arriveleader.net,2013-01-03
219,becauseleader.net,2013-01-03
220,arriveneedle.net,2013-01-03
221,becauseneedle.net,2013-01-03
222,arrivelength.net,2013-01-03
223,becauselength.net,2013-01-03
224,arriveneither.net,2013-01-03
225,becauseneither.net,2013-01-03
226,articleleader.net,2013-01-03
227,becomeleader.net,2013-01-03
228,articleneedle.net,2013-01-03
229,becomeneedle.net,2013-01-03
230,articlelength.net,2013-01-03
231,becomelength.net,2013-01-03
232,articleneither.net,2013-01-03
233,becomeneither.net,2013-01-03
234,abovemanner.net,2013-01-03
235,alreadymanner.net,2013-01-03
236,abovenumber.net,2013-01-03
237,alreadynumber.net,2013-01-03
238,abovemaster.net,2013-01-03
239,alreadymaster.net,2013-01-03
240,aboveoclock.net,2013-01-03
241,alreadyoclock.net,2013-01-03
242,actionmanner.net,2013-01-03
243,althoughmanner.net,2013-01-03
244,actionnumber.net,2013-01-03
245,althoughnumber.net,2013-01-03
246,actionmaster.net,2013-01-03
247,althoughmaster.net,2013-01-03
248,actionoclock.net,2013-01-03
249,althoughoclock.net,2013-01-03
250,answermanner.net,2013-01-03
251,basketmanner.net,2013-01-03
252,answernumber.net,2013-01-03
253,basketnumber.net,2013-01-03
254,answermaster.net,2013-01-03
255,chargeforget.net,2013-01-04
256,cleanforget.net,2013-01-04
257,chargeindustry.net,2013-01-04
258,cleanindustry.net,2013-01-04
259,chargeforward.net,2013-01-04
260,cleanforward.net,2013-01-04
261,chargeinstead.net,2013-01-04
262,cleaninstead.net,2013-01-04
263,chiefforget.net,2013-01-04
264,clearforget.net,2013-01-04
265,chiefindustry.net,2013-01-04
266,clearindustry.net,2013-01-04
267,chiefforward.net,2013-01-04
268,clearforward.net,2013-01-04
269,chiefinstead.net,2013-01-04
270,clearinstead.net,2013-01-04
271,considerforget.net,2013-01-04
272,crowdforget.net,2013-01-04
273,considerindustry.net,2013-01-04
274,crowdindustry.net,2013-01-04
275,considerforward.net,2013-01-04
276,crowdforward.net,2013-01-04
277,considerinstead.net,2013-01-04
278,crowdinstead.net,2013-01-04
279,containforget.net,2013-01-04
280,daughterforget.net,2013-01-04
281,containindustry.net,2013-01-04
282,daughterindustry.net,2013-01-04
283,containforward.net,2013-01-04
284,daughterforward.net,2013-01-04
285,containinstead.net,2013-01-04
286,daughterinstead.net,2013-01-04
287,chooseforget.net,2013-01-04
288,collegeforget.net,2013-01-04
289,chooseindustry.net,2013-01-04
290,collegeindustry.net,2013-01-04
291,chooseforward.net,2013-01-04
292,collegeforward.net,2013-01-04
293,chooseinstead.net,2013-01-04
294,collegeinstead.net,2013-01-04
295,cigaretteforget.net,2013-01-04
296,companyforget.net,2013-01-04
297,cigaretteindustry.net,2013-01-04
298,companyindustry.net,2013-01-04
299,cigaretteforward.net,2013-01-04
300,companyforward.net,2013-01-04
301,cigaretteinstead.net,2013-01-04
302,companyinstead.net,2013-01-04
303,cornerforget.net,2013-01-04
304,delightforget.net,2013-01-04
305,cornerindustry.net,2013-01-04
306,delightindustry.net,2013-01-04
307,cornerforward.net,2013-01-04
308,delightforward.net,2013-01-04
309,cornerinstead.net,2013-01-04
310,delightinstead.net,2013-01-04
311,countryforget.net,2013-01-04
312,demandforget.net,2013-01-04
313,countryindustry.net,2013-01-04
314,demandindustry.net,2013-01-04
315,countryforward.net,2013-01-04
316,demandforward.net,2013-01-04
317,countryinstead.net,2013-01-04
318,demandinstead.net,2013-01-04
319,chargegarden.net,2013-01-04
320,cleangarden.net,2013-01-04
321,chargelanguage.net,2013-01-04
322,cleanlanguage.net,2013-01-04
323,chargegeneral.net,2013-01-04
324,cleangeneral.net,2013-01-04
325,chargelaugh.net,2013-01-04
326,cleanlaugh.net,2013-01-04
327,chiefgarden.net,2013-01-04
328,cleargarden.net,2013-01-04
329,chieflanguage.net,2013-01-04
330,clearlanguage.net,2013-01-04
331,chiefgeneral.net,2013-01-04
332,cleargeneral.net,2013-01-04
333,chieflaugh.net,2013-01-04
334,clearlaugh.net,2013-01-04
335,considergarden.net,2013-01-04
336,crowdgarden.net,2013-01-04
337,considerlanguage.net,2013-01-04
338,crowdlanguage.net,2013-01-04
339,considergeneral.net,2013-01-04
340,chargeexpect.net,2013-01-05
341,cleanexpect.net,2013-01-05
342,chargegentleman.net,2013-01-05
343,cleangentleman.net,2013-01-05
344,chargeexplain.net,2013-01-05
345,cleanexplain.net,2013-01-05
346,chargeglossary.net,2013-01-05
347,cleanglossary.net,2013-01-05
348,chiefexpect.net,2013-01-05
349,clearexpect.net,2013-01-05
350,chiefgentleman.net,2013-01-05
351,cleargentleman.net,2013-01-05
352,chiefexplain.net,2013-01-05
353,clearexplain.net,2013-01-05
354,chiefglossary.net,2013-01-05
355,clearglossary.net,2013-01-05
356,considerexpect.net,2013-01-05
357,crowdexpect.net,2013-01-05
358,considergentleman.net,2013-01-05
359,crowdgentleman.net,2013-01-05
360,considerexplain.net,2013-01-05
361,crowdexplain.net,2013-01-05
362,considerglossary.net,2013-01-05
363,crowdglossary.net,2013-01-05
364,containexpect.net,2013-01-05
365,daughterexpect.net,2013-01-05
366,containgentleman.net,2013-01-05
367,daughtergentleman.net,2013-01-05
368,containexplain.net,2013-01-05
369,daughterexplain.net,2013-01-05
370,containglossary.net,2013-01-05
371,daughterglossary.net,2013-01-05
372,chooseexpect.net,2013-01-05
373,collegeexpect.net,2013-01-05
374,choosegentleman.net,2013-01-05
375,collegegentleman.net,2013-01-05
376,chooseexplain.net,2013-01-05
377,collegeexplain.net,2013-01-05
378,chooseglossary.net,2013-01-05
379,collegeglossary.net,2013-01-05
380,cigaretteexpect.net,2013-01-05
381,companyexpect.net,2013-01-05
382,cigarettegentleman.net,2013-01-05
383,companygentleman.net,2013-01-05
384,cigaretteexplain.net,2013-01-05
385,companyexplain.net,2013-01-05
386,cigaretteglossary.net,2013-01-05
387,companyglossary.net,2013-01-05
388,cornerexpect.net,2013-01-05
389,delightexpect.net,2013-01-05
390,cornergentleman.net,2013-01-05
391,delightgentleman.net,2013-01-05
392,cornerexplain.net,2013-01-05
393,delightexplain.net,2013-01-05
394,cornerglossary.net,2013-01-05
395,delightglossary.net,2013-01-05
396,countryexpect.net,2013-01-05
397,demandexpect.net,2013-01-05
398,countrygentleman.net,2013-01-05
399,demandgentleman.net,2013-01-05
400,countryexplain.net,2013-01-05
401,demandexplain.net,2013-01-05
402,countryglossary.net,2013-01-05
403,demandglossary.net,2013-01-05
404,chargefence.net,2013-01-05
405,cleanfence.net,2013-01-05
406,chargeheard.net,2013-01-05
407,cleanheard.net,2013-01-05
408,chargefight.net,2013-01-05
409,cleanfight.net,2013-01-05
410,chargeheaven.net,2013-01-05
411,cleanheaven.net,2013-01-05
412,chieffence.net,2013-01-05
413,clearfence.net,2013-01-05
414,chiefheard.net,2013-01-05
415,clearheard.net,2013-01-05
416,chieffight.net,2013-01-05
417,clearfight.net,2013-01-05
418,chiefheaven.net,2013-01-05
419,clearheaven.net,2013-01-05
420,considerfence.net,2013-01-05
421,crowdfence.net,2013-01-05
422,considerheard.net,2013-01-05
423,crowdheard.net,2013-01-05
424,considerfight.net,2013-01-05
425,aboveforget.net,2013-01-06
426,alreadyforget.net,2013-01-06
427,aboveindustry.net,2013-01-06
428,alreadyindustry.net,2013-01-06
429,aboveforward.net,2013-01-06
430,alreadyforward.net,2013-01-06
431,aboveinstead.net,2013-01-06
432,alreadyinstead.net,2013-01-06
433,actionforget.net,2013-01-06
434,althoughforget.net,2013-01-06
435,actionindustry.net,2013-01-06
436,althoughindustry.net,2013-01-06
437,actionforward.net,2013-01-06
438,althoughforward.net,2013-01-06
439,actioninstead.net,2013-01-06
440,althoughinstead.net,2013-01-06
441,answerforget.net,2013-01-06
442,basketforget.net,2013-01-06
443,answerindustry.net,2013-01-06
444,basketindustry.net,2013-01-06
445,answerforward.net,2013-01-06
446,basketforward.net,2013-01-06
447,answerinstead.net,2013-01-06
448,basketinstead.net,2013-01-06
449,appearforget.net,2013-01-06
450,battleforget.net,2013-01-06
451,appearindustry.net,2013-01-06
452,battleindustry.net,2013-01-06
453,appearforward.net,2013-01-06
454,battleforward.net,2013-01-06
455,appearinstead.net,2013-01-06
456,battleinstead.net,2013-01-06
457,againstforget.net,2013-01-06
458,angerforget.net,2013-01-06
459,againstindustry.net,2013-01-06
460,angerindustry.net,2013-01-06
461,againstforward.net,2013-01-06
462,angerforward.net,2013-01-06
463,againstinstead.net,2013-01-06
464,angerinstead.net,2013-01-06
465,airplaneforget.net,2013-01-06
466,angryforget.net,2013-01-06
467,airplaneindustry.net,2013-01-06
468,angryindustry.net,2013-01-06
469,airplaneforward.net,2013-01-06
470,angryforward.net,2013-01-06
471,airplaneinstead.net,2013-01-06
472,angryinstead.net,2013-01-06
473,arriveforget.net,2013-01-06
474,becauseforget.net,2013-01-06
475,arriveindustry.net,2013-01-06
476,becauseindustry.net,2013-01-06
477,arriveforward.net,2013-01-06
478,becauseforward.net,2013-01-06
479,arriveinstead.net,2013-01-06
480,becauseinstead.net,2013-01-06
481,articleforget.net,2013-01-06
482,becomeforget.net,2013-01-06
483,articleindustry.net,2013-01-06
484,becomeindustry.net,2013-01-06
485,articleforward.net,2013-01-06
486,becomeforward.net,2013-01-06
487,articleinstead.net,2013-01-06
488,becomeinstead.net,2013-01-06
489,abovegarden.net,2013-01-06
490,alreadygarden.net,2013-01-06
491,abovelanguage.net,2013-01-06
492,alreadylanguage.net,2013-01-06
493,abovegeneral.net,2013-01-06
494,alreadygeneral.net,2013-01-06
495,abovelaugh.net,2013-01-06
496,alreadylaugh.net,2013-01-06
497,actiongarden.net,2013-01-06
498,althoughgarden.net,2013-01-06
499,actionlanguage.net,2013-01-06
500,althoughlanguage.net,2013-01-06
501,actiongeneral.net,2013-01-06
502,althoughgeneral.net,2013-01-06
503,actionlaugh.net,2013-01-06
504,althoughlaugh.net,2013-01-06
505,answergarden.net,2013-01-06
506,basketgarden.net,2013-01-06
507,answerlanguage.net,2013-01-06
508,basketlanguage.net,2013-01-06
509,answergeneral.net,2013-01-06
510,aboveexpect.net,2013-01-07
511,alreadyexpect.net,2013-01-07
512,abovegentleman.net,2013-01-07
513,alreadygentleman.net,2013-01-07
514,aboveexplain.net,2013-01-07
515,alreadyexplain.net,2013-01-07
516,aboveglossary.net,2013-01-07
517,alreadyglossary.net,2013-01-07
518,actionexpect.net,2013-01-07
519,althoughexpect.net,2013-01-07
520,actiongentleman.net,2013-01-07
521,althoughgentleman.net,2013-01-07
522,actionexplain.net,2013-01-07
523,althoughexplain.net,2013-01-07
524,actionglossary.net,2013-01-07
525,althoughglossary.net,2013-01-07
526,answerexpect.net,2013-01-07
527,basketexpect.net,2013-01-07
528,answergentleman.net,2013-01-07
529,basketgentleman.net,2013-01-07
530,answerexplain.net,2013-01-07
531,basketexplain.net,2013-01-07
532,answerglossary.net,2013-01-07
533,basketglossary.net,2013-01-07
534,appearexpect.net,2013-01-07
535,battleexpect.net,2013-01-07
536,appeargentleman.net,2013-01-07
537,battlegentleman.net,2013-01-07
538,appearexplain.net,2013-01-07
539,battleexplain.net,2013-01-07
540,appearglossary.net,2013-01-07
541,battleglossary.net,2013-01-07
542,againstexpect.net,2013-01-07
543,angerexpect.net,2013-01-07
544,againstgentleman.net,2013-01-07
545,angergentleman.net,2013-01-07
546,againstexplain.net,2013-01-07
547,angerexplain.net,2013-01-07
548,againstglossary.net,2013-01-07
549,angerglossary.net,2013-01-07
550,airplaneexpect.net,2013-01-07
551,angryexpect.net,2013-01-07
552,airplanegentleman.net,2013-01-07
553,angrygentleman.net,2013-01-07
554,airplaneexplain.net,2013-01-07
555,angryexplain.net,2013-01-07
556,airplaneglossary.net,2013-01-07
557,angryglossary.net,2013-01-07
558,arriveexpect.net,2013-01-07
559,becauseexpect.net,2013-01-07
560,arrivegentleman.net,2013-01-07
561,becausegentleman.net,2013-01-07
562,arriveexplain.net,2013-01-07
563,becauseexplain.net,2013-01-07
564,arriveglossary.net,2013-01-07
565,becauseglossary.net,2013-01-07
566,articleexpect.net,2013-01-07
567,becomeexpect.net,2013-01-07
568,articlegentleman.net,2013-01-07
569,becomegentleman.net,2013-01-07
570,articleexplain.net,2013-01-07
571,becomeexplain.net,2013-01-07
572,articleglossary.net,2013-01-07
573,becomeglossary.net,2013-01-07
574,abovefence.net,2013-01-07
575,alreadyfence.net,2013-01-07
576,aboveheard.net,2013-01-07
577,alreadyheard.net,2013-01-07
578,abovefight.net,2013-01-07
579,alreadyfight.net,2013-01-07
580,aboveheaven.net,2013-01-07
581,alreadyheaven.net,2013-01-07
582,actionfence.net,2013-01-07
583,althoughfence.net,2013-01-07
584,actionheard.net,2013-01-07
585,althoughheard.net,2013-01-07
586,actionfight.net,2013-01-07
587,althoughfight.net,2013-01-07
588,actionheaven.net,2013-01-07
589,althoughheaven.net,2013-01-07
590,answerfence.net,2013-01-07
591,basketfence.net,2013-01-07
592,answerheard.net,2013-01-07
593,basketheard.net,2013-01-07
594,answerfight.net,2013-01-07
595,chargemember.net,2013-01-08
596,cleanmember.net,2013-01-08
597,chargeoutside.net,2013-01-08
598,cleanoutside.net,2013-01-08
599,chargemiddle.net,2013-01-08
600,cleanmiddle.net,2013-01-08
601,chargepartial.net,2013-01-08
602,cleanpartial.net,2013-01-08
603,chiefmember.net,2013-01-08
604,clearmember.net,2013-01-08
605,chiefoutside.net,2013-01-08
606,clearoutside.net,2013-01-08
607,chiefmiddle.net,2013-01-08
608,clearmiddle.net,2013-01-08
609,chiefpartial.net,2013-01-08
610,clearpartial.net,2013-01-08
611,considermember.net,2013-01-08
612,crowdmember.net,2013-01-08
613,consideroutside.net,2013-01-08
614,crowdoutside.net,2013-01-08
615,considermiddle.net,2013-01-08
616,crowdmiddle.net,2013-01-08
617,considerpartial.net,2013-01-08
618,crowdpartial.net,2013-01-08
619,containmember.net,2013-01-08
620,daughtermember.net,2013-01-08
621,containoutside.net,2013-01-08
622,daughteroutside.net,2013-01-08
623,containmiddle.net,2013-01-08
624,daughtermiddle.net,2013-01-08
625,containpartial.net,2013-01-08
626,daughterpartial.net,2013-01-08
627,choosemember.net,2013-01-08
628,collegemember.net,2013-01-08
629,chooseoutside.net,2013-01-08
630,collegeoutside.net,2013-01-08
631,choosemiddle.net,2013-01-08
632,collegemiddle.net,2013-01-08
633,choosepartial.net,2013-01-08
634,collegepartial.net,2013-01-08
635,cigarettemember.net,2013-01-08
636,companymember.net,2013-01-08
637,cigaretteoutside.net,2013-01-08
638,companyoutside.net,2013-01-08
639,cigarettemiddle.net,2013-01-08
640,companymiddle.net,2013-01-08
641,cigarettepartial.net,2013-01-08
642,companypartial.net,2013-01-08
643,cornermember.net,2013-01-08
644,delightmember.net,2013-01-08
645,corneroutside.net,2013-01-08
646,delightoutside.net,2013-01-08
647,cornermiddle.net,2013-01-08
648,delightmiddle.net,2013-01-08
649,cornerpartial.net,2013-01-08
650,delightpartial.net,2013-01-08
651,countrymember.net,2013-01-08
652,demandmember.net,2013-01-08
653,countryoutside.net,2013-01-08
654,demandoutside.net,2013-01-08
655,countrymiddle.net,2013-01-08
656,demandmiddle.net,2013-01-08
657,countrypartial.net,2013-01-08
658,demandpartial.net,2013-01-08
659,chargemorning.net,2013-01-08
660,cleanmorning.net,2013-01-08
661,chargeperson.net,2013-01-08
662,cleanperson.net,2013-01-08
663,chargemountain.net,2013-01-08
664,cleanmountain.net,2013-01-08
665,chargepleasant.net,2013-01-08
666,cleanpleasant.net,2013-01-08
667,chiefmorning.net,2013-01-08
668,clearmorning.net,2013-01-08
669,chiefperson.net,2013-01-08
670,clearperson.net,2013-01-08
671,chiefmountain.net,2013-01-08
672,clearmountain.net,2013-01-08
673,chiefpleasant.net,2013-01-08
674,clearpleasant.net,2013-01-08
675,considermorning.net,2013-01-08
676,crowdmorning.net,2013-01-08
677,considerperson.net,2013-01-08
678,crowdperson.net,2013-01-08
679,considermountain.net,2013-01-08
680,advancelikely.net,2013-01-09
681,alwayslikely.net,2013-01-09
682,advancenight.net,2013-01-09
683,alwaysnight.net,2013-01-09
684,advancelittle.net,2013-01-09
685,alwayslittle.net,2013-01-09
686,advancenothing.net,2013-01-09
687,alwaysnothing.net,2013-01-09
688,afraidlikely.net,2013-01-09
689,amountlikely.net,2013-01-09
690,afraidnight.net,2013-01-09
691,amountnight.net,2013-01-09
692,afraidlittle.net,2013-01-09
693,amountlittle.net,2013-01-09
694,afraidnothing.net,2013-01-09
695,amountnothing.net,2013-01-09
696,applelikely.net,2013-01-09
697,beautylikely.net,2013-01-09
698,applenight.net,2013-01-09
699,beautynight.net,2013-01-09
700,applelittle.net,2013-01-09
701,beautylittle.net,2013-01-09
702,applenothing.net,2013-01-09
703,beautynothing.net,2013-01-09
704,aroundlikely.net,2013-01-09
705,becamelikely.net,2013-01-09
706,aroundnight.net,2013-01-09
707,becamenight.net,2013-01-09
708,aroundlittle.net,2013-01-09
709,becamelittle.net,2013-01-09
710,aroundnothing.net,2013-01-09
711,becamenothing.net,2013-01-09
712,almostlikely.net,2013-01-09
713,animallikely.net,2013-01-09
714,almostnight.net,2013-01-09
715,animalnight.net,2013-01-09
716,almostlittle.net,2013-01-09
717,animallittle.net,2013-01-09
718,almostnothing.net,2013-01-09
719,animalnothing.net,2013-01-09
720,alonelikely.net,2013-01-09
721,anotherlikely.net,2013-01-09
722,alonenight.net,2013-01-09
723,anothernight.net,2013-01-09
724,alonelittle.net,2013-01-09
725,anotherlittle.net,2013-01-09
726,alonenothing.net,2013-01-09
727,anothernothing.net,2013-01-09
728,attemptlikely.net,2013-01-09
729,beforelikely.net,2013-01-09
730,attemptnight.net,2013-01-09
731,beforenight.net,2013-01-09
732,attemptlittle.net,2013-01-09
733,beforelittle.net,2013-01-09
734,attemptnothing.net,2013-01-09
735,beforenothing.net,2013-01-09
736,bankerlikely.net,2013-01-09
737,beginlikely.net,2013-01-09
738,bankernight.net,2013-01-09
739,beginnight.net,2013-01-09
740,bankerlittle.net,2013-01-09
741,beginlittle.net,2013-01-09
742,bankernothing.net,2013-01-09
743,beginnothing.net,2013-01-09
744,advancematter.net,2013-01-09
745,alwaysmatter.net,2013-01-09
746,advanceoften.net,2013-01-09
747,alwaysoften.net,2013-01-09
748,advancemeasure.net,2013-01-09
749,alwaysmeasure.net,2013-01-09
750,advanceorder.net,2013-01-09
751,alwaysorder.net,2013-01-09
752,afraidmatter.net,2013-01-09
753,amountmatter.net,2013-01-09
754,afraidoften.net,2013-01-09
755,amountoften.net,2013-01-09
756,afraidmeasure.net,2013-01-09
757,amountmeasure.net,2013-01-09
758,afraidorder.net,2013-01-09
759,amountorder.net,2013-01-09
760,applematter.net,2013-01-09
761,beautymatter.net,2013-01-09
762,appleoften.net,2013-01-09
763,beautyoften.net,2013-01-09
764,applemeasure.net,2013-01-09
765,abovemember.net,2013-01-10
766,alreadymember.net,2013-01-10
767,aboveoutside.net,2013-01-10
768,alreadyoutside.net,2013-01-10
769,abovemiddle.net,2013-01-10
770,alreadymiddle.net,2013-01-10
771,abovepartial.net,2013-01-10
772,alreadypartial.net,2013-01-10
773,actionmember.net,2013-01-10
774,althoughmember.net,2013-01-10
775,actionoutside.net,2013-01-10
776,althoughoutside.net,2013-01-10
777,actionmiddle.net,2013-01-10
778,althoughmiddle.net,2013-01-10
779,actionpartial.net,2013-01-10
780,althoughpartial.net,2013-01-10
781,answermember.net,2013-01-10
782,basketmember.net,2013-01-10
783,answeroutside.net,2013-01-10
784,basketoutside.net,2013-01-10
785,answermiddle.net,2013-01-10
786,basketmiddle.net,2013-01-10
787,answerpartial.net,2013-01-10
788,basketpartial.net,2013-01-10
789,appearmember.net,2013-01-10
790,battlemember.net,2013-01-10
791,appearoutside.net,2013-01-10
792,battleoutside.net,2013-01-10
793,appearmiddle.net,2013-01-10
794,battlemiddle.net,2013-01-10
795,appearpartial.net,2013-01-10
796,battlepartial.net,2013-01-10
797,againstmember.net,2013-01-10
798,angermember.net,2013-01-10
799,againstoutside.net,2013-01-10
800,angeroutside.net,2013-01-10
801,againstmiddle.net,2013-01-10
802,angermiddle.net,2013-01-10
803,againstpartial.net,2013-01-10
804,angerpartial.net,2013-01-10
805,airplanemember.net,2013-01-10
806,angrymember.net,2013-01-10
807,airplaneoutside.net,2013-01-10
808,angryoutside.net,2013-01-10
809,airplanemiddle.net,2013-01-10
810,angrymiddle.net,2013-01-10
811,airplanepartial.net,2013-01-10
812,angrypartial.net,2013-01-10
813,arrivemember.net,2013-01-10
814,becausemember.net,2013-01-10
815,arriveoutside.net,2013-01-10
816,becauseoutside.net,2013-01-10
817,arrivemiddle.net,2013-01-10
818,becausemiddle.net,2013-01-10
819,arrivepartial.net,2013-01-10
820,becausepartial.net,2013-01-10
821,articlemember.net,2013-01-10
822,becomemember.net,2013-01-10
823,articleoutside.net,2013-01-10
824,becomeoutside.net,2013-01-10
825,articlemiddle.net,2013-01-10
826,becomemiddle.net,2013-01-10
827,articlepartial.net,2013-01-10
828,becomepartial.net,2013-01-10
829,abovemorning.net,2013-01-10
830,alreadymorning.net,2013-01-10
831,aboveperson.net,2013-01-10
832,alreadyperson.net,2013-01-10
833,abovemountain.net,2013-01-10
834,alreadymountain.net,2013-01-10
835,abovepleasant.net,2013-01-10
836,alreadypleasant.net,2013-01-10
837,actionmorning.net,2013-01-10
838,althoughmorning.net,2013-01-10
839,actionperson.net,2013-01-10
840,althoughperson.net,2013-01-10
841,actionmountain.net,2013-01-10
842,althoughmountain.net,2013-01-10
843,actionpleasant.net,2013-01-10
844,althoughpleasant.net,2013-01-10
845,answermorning.net,2013-01-10
846,basketmorning.net,2013-01-10
847,answerperson.net,2013-01-10
848,basketperson.net,2013-01-10
849,answermountain.net,2013-01-10
850,chancelikely.net,2013-01-11
851,circlelikely.net,2013-01-11
852,chancenight.net,2013-01-11
853,circlenight.net,2013-01-11
854,chancelittle.net,2013-01-11
855,circlelittle.net,2013-01-11
856,chancenothing.net,2013-01-11
857,circlenothing.net,2013-01-11
858,characterlikely.net,2013-01-11
859,classlikely.net,2013-01-11
860,characternight.net,2013-01-11
861,classnight.net,2013-01-11
862,characterlittle.net,2013-01-11
863,classlittle.net,2013-01-11
864,characternothing.net,2013-01-11
865,classnothing.net,2013-01-11
866,completelikely.net,2013-01-11
867,courselikely.net,2013-01-11
868,completenight.net,2013-01-11
869,coursenight.net,2013-01-11
870,completelittle.net,2013-01-11
871,courselittle.net,2013-01-11
872,completenothing.net,2013-01-11
873,coursenothing.net,2013-01-11
874,conditionlikely.net,2013-01-11
875,coverlikely.net,2013-01-11
876,conditionnight.net,2013-01-11
877,covernight.net,2013-01-11
878,conditionlittle.net,2013-01-11
879,coverlittle.net,2013-01-11
880,conditionnothing.net,2013-01-11
881,covernothing.net,2013-01-11
882,childhoodlikely.net,2013-01-11
883,closelikely.net,2013-01-11
884,childhoodnight.net,2013-01-11
885,closenight.net,2013-01-11
886,childhoodlittle.net,2013-01-11
887,closelittle.net,2013-01-11
888,childhoodnothing.net,2013-01-11
889,closenothing.net,2013-01-11
890,childrenlikely.net,2013-01-11
891,clotheslikely.net,2013-01-11
892,childrennight.net,2013-01-11
893,clothesnight.net,2013-01-11
894,childrenlittle.net,2013-01-11
895,clotheslittle.net,2013-01-11
896,childrennothing.net,2013-01-11
897,clothesnothing.net,2013-01-11
898,continuelikely.net,2013-01-11
899,decidelikely.net,2013-01-11
900,continuenight.net,2013-01-11
901,decidenight.net,2013-01-11
902,continuelittle.net,2013-01-11
903,decidelittle.net,2013-01-11
904,continuenothing.net,2013-01-11
905,decidenothing.net,2013-01-11
906,controllikely.net,2013-01-11
907,degreelikely.net,2013-01-11
908,controlnight.net,2013-01-11
909,degreenight.net,2013-01-11
910,controllittle.net,2013-01-11
911,degreelittle.net,2013-01-11
912,controlnothing.net,2013-01-11
913,degreenothing.net,2013-01-11
914,chancematter.net,2013-01-11
915,circlematter.net,2013-01-11
916,chanceoften.net,2013-01-11
917,circleoften.net,2013-01-11
918,chancemeasure.net,2013-01-11
919,circlemeasure.net,2013-01-11
920,chanceorder.net,2013-01-11
921,circleorder.net,2013-01-11
922,charactermatter.net,2013-01-11
923,classmatter.net,2013-01-11
924,characteroften.net,2013-01-11
925,classoften.net,2013-01-11
926,charactermeasure.net,2013-01-11
927,classmeasure.net,2013-01-11
928,characterorder.net,2013-01-11
929,classorder.net,2013-01-11
930,completematter.net,2013-01-11
931,coursematter.net,2013-01-11
932,completeoften.net,2013-01-11
933,courseoften.net,2013-01-11
934,completemeasure.net,2013-01-11
935,chargefollow.net,2013-01-12
936,cleanfollow.net,2013-01-12
937,chargehusband.net,2013-01-12
938,cleanhusband.net,2013-01-12
939,chargeforest.net,2013-01-12
940,cleanforest.net,2013-01-12
941,chargeincrease.net,2013-01-12
942,cleanincrease.net,2013-01-12
943,chieffollow.net,2013-01-12
944,clearfollow.net,2013-01-12
945,chiefhusband.net,2013-01-12
946,clearhusband.net,2013-01-12
947,chiefforest.net,2013-01-12
948,clearforest.net,2013-01-12
949,chiefincrease.net,2013-01-12
950,clearincrease.net,2013-01-12
951,considerfollow.net,2013-01-12
952,crowdfollow.net,2013-01-12
953,considerhusband.net,2013-01-12
954,crowdhusband.net,2013-01-12
955,considerforest.net,2013-01-12
956,crowdforest.net,2013-01-12
957,considerincrease.net,2013-01-12
958,crowdincrease.net,2013-01-12
959,containfollow.net,2013-01-12
960,daughterfollow.net,2013-01-12
961,containhusband.net,2013-01-12
962,daughterhusband.net,2013-01-12
963,containforest.net,2013-01-12
964,daughterforest.net,2013-01-12
965,containincrease.net,2013-01-12
966,daughterincrease.net,2013-01-12
967,choosefollow.net,2013-01-12
968,collegefollow.net,2013-01-12
969,choosehusband.net,2013-01-12
970,collegehusband.net,2013-01-12
971,chooseforest.net,2013-01-12
972,collegeforest.net,2013-01-12
973,chooseincrease.net,2013-01-12
974,collegeincrease.net,2013-01-12
975,cigarettefollow.net,2013-01-12
976,companyfollow.net,2013-01-12
977,cigarettehusband.net,2013-01-12
978,companyhusband.net,2013-01-12
979,cigaretteforest.net,2013-01-12
980,companyforest.net,2013-01-12
981,cigaretteincrease.net,2013-01-12
982,companyincrease.net,2013-01-12
983,cornerfollow.net,2013-01-12
984,delightfollow.net,2013-01-12
985,cornerhusband.net,2013-01-12
986,delighthusband.net,2013-01-12
987,cornerforest.net,2013-01-12
988,delightforest.net,2013-01-12
989,cornerincrease.net,2013-01-12
990,delightincrease.net,2013-01-12
991,countryfollow.net,2013-01-12
992,demandfollow.net,2013-01-12
993,countryhusband.net,2013-01-12
994,demandhusband.net,2013-01-12
995,countryforest.net,2013-01-12
996,demandforest.net,2013-01-12
997,countryincrease.net,2013-01-12
998,demandincrease.net,2013-01-12
999,chargefresh.net,2013-01-12
1000,cleanfresh.net,2013-01-12
1001,chargekitchen.net,2013-01-12
1002,cleankitchen.net,2013-01-12
1003,chargefurther.net,2013-01-12
1004,cleanfurther.net,2013-01-12
1005,chargelabor.net,2013-01-12
1006,cleanlabor.net,2013-01-12
1007,chieffresh.net,2013-01-12
1008,clearfresh.net,2013-01-12
1009,chiefkitchen.net,2013-01-12
1010,clearkitchen.net,2013-01-12
1011,chieffurther.net,2013-01-12
1012,clearfurther.net,2013-01-12
1013,chieflabor.net,2013-01-12
1014,clearlabor.net,2013-01-12
1015,considerfresh.net,2013-01-12
1016,crowdfresh.net,2013-01-12
1017,considerkitchen.net,2013-01-12
1018,crowdkitchen.net,2013-01-12
1019,considerfurther.net,2013-01-12
1020,advancefamous.net,2013-01-13
1021,alwaysfamous.net,2013-01-13
1022,advancegovern.net,2013-01-13
1023,alwaysgovern.net,2013-01-13
1024,advancefather.net,2013-01-13
1025,alwaysfather.net,2013-01-13
1026,advancehappen.net,2013-01-13
1027,alwayshappen.net,2013-01-13
1028,afraidfamous.net,2013-01-13
1029,amountfamous.net,2013-01-13
1030,afraidgovern.net,2013-01-13
1031,amountgovern.net,2013-01-13
1032,afraidfather.net,2013-01-13
1033,amountfather.net,2013-01-13
1034,afraidhappen.net,2013-01-13
1035,amounthappen.net,2013-01-13
1036,applefamous.net,2013-01-13
1037,beautyfamous.net,2013-01-13
1038,applegovern.net,2013-01-13
1039,beautygovern.net,2013-01-13
1040,applefather.net,2013-01-13
1041,beautyfather.net,2013-01-13
1042,applehappen.net,2013-01-13
1043,beautyhappen.net,2013-01-13
1044,aroundfamous.net,2013-01-13
1045,becamefamous.net,2013-01-13
1046,aroundgovern.net,2013-01-13
1047,becamegovern.net,2013-01-13
1048,aroundfather.net,2013-01-13
1049,becamefather.net,2013-01-13
1050,aroundhappen.net,2013-01-13
1051,becamehappen.net,2013-01-13
1052,almostfamous.net,2013-01-13
1053,animalfamous.net,2013-01-13
1054,almostgovern.net,2013-01-13
1055,animalgovern.net,2013-01-13
1056,almostfather.net,2013-01-13
1057,animalfather.net,2013-01-13
1058,almosthappen.net,2013-01-13
1059,animalhappen.net,2013-01-13
1060,alonefamous.net,2013-01-13
1061,anotherfamous.net,2013-01-13
1062,alonegovern.net,2013-01-13
1063,anothergovern.net,2013-01-13
1064,alonefather.net,2013-01-13
1065,anotherfather.net,2013-01-13
1066,alonehappen.net,2013-01-13
1067,anotherhappen.net,2013-01-13
1068,attemptfamous.net,2013-01-13
1069,beforefamous.net,2013-01-13
1070,attemptgovern.net,2013-01-13
1071,beforegovern.net,2013-01-13
1072,attemptfather.net,2013-01-13
1073,beforefather.net,2013-01-13
1074,attempthappen.net,2013-01-13
1075,beforehappen.net,2013-01-13
1076,bankerfamous.net,2013-01-13
1077,beginfamous.net,2013-01-13
1078,bankergovern.net,2013-01-13
1079,begingovern.net,2013-01-13
1080,bankerfather.net,2013-01-13
1081,beginfather.net,2013-01-13
1082,bankerhappen.net,2013-01-13
1083,beginhappen.net,2013-01-13
1084,advancefinger.net,2013-01-13
1085,alwaysfinger.net,2013-01-13
1086,advancehistory.net,2013-01-13
1087,alwayshistory.net,2013-01-13
1088,advanceflier.net,2013-01-13
1089,alwaysflier.net,2013-01-13
1090,advancehowever.net,2013-01-13
1091,alwayshowever.net,2013-01-13
1092,afraidfinger.net,2013-01-13
1093,amountfinger.net,2013-01-13
1094,afraidhistory.net,2013-01-13
1095,amounthistory.net,2013-01-13
1096,afraidflier.net,2013-01-13
1097,amountflier.net,2013-01-13
1098,afraidhowever.net,2013-01-13
1099,amounthowever.net,2013-01-13
1100,applefinger.net,2013-01-13
1101,beautyfinger.net,2013-01-13
1102,applehistory.net,2013-01-13
1103,beautyhistory.net,2013-01-13
1104,appleflier.net,2013-01-13
1105,abovefollow.net,2013-01-14
1106,alreadyfollow.net,2013-01-14
1107,abovehusband.net,2013-01-14
1108,alreadyhusband.net,2013-01-14
1109,aboveforest.net,2013-01-14
1110,alreadyforest.net,2013-01-14
1111,aboveincrease.net,2013-01-14
1112,alreadyincrease.net,2013-01-14
1113,actionfollow.net,2013-01-14
1114,althoughfollow.net,2013-01-14
1115,actionhusband.net,2013-01-14
1116,althoughhusband.net,2013-01-14
1117,actionforest.net,2013-01-14
1118,althoughforest.net,2013-01-14
1119,actionincrease.net,2013-01-14
1120,althoughincrease.net,2013-01-14
1121,answerfollow.net,2013-01-14
1122,basketfollow.net,2013-01-14
1123,answerhusband.net,2013-01-14
1124,baskethusband.net,2013-01-14
1125,answerforest.net,2013-01-14
1126,basketforest.net,2013-01-14
1127,answerincrease.net,2013-01-14
1128,basketincrease.net,2013-01-14
1129,appearfollow.net,2013-01-14
1130,battlefollow.net,2013-01-14
1131,appearhusband.net,2013-01-14
1132,battlehusband.net,2013-01-14
1133,appearforest.net,2013-01-14
1134,battleforest.net,2013-01-14
1135,appearincrease.net,2013-01-14
1136,battleincrease.net,2013-01-14
1137,againstfollow.net,2013-01-14
1138,angerfollow.net,2013-01-14
1139,againsthusband.net,2013-01-14
1140,angerhusband.net,2013-01-14
1141,againstforest.net,2013-01-14
1142,angerforest.net,2013-01-14
1143,againstincrease.net,2013-01-14
1144,angerincrease.net,2013-01-14
1145,airplanefollow.net,2013-01-14
1146,angryfollow.net,2013-01-14
1147,airplanehusband.net,2013-01-14
1148,angryhusband.net,2013-01-14
1149,airplaneforest.net,2013-01-14
1150,angryforest.net,2013-01-14
1151,airplaneincrease.net,2013-01-14
1152,angryincrease.net,2013-01-14
1153,arrivefollow.net,2013-01-14
1154,becausefollow.net,2013-01-14
1155,arrivehusband.net,2013-01-14
1156,becausehusband.net,2013-01-14
1157,arriveforest.net,2013-01-14
1158,becauseforest.net,2013-01-14
1159,arriveincrease.net,2013-01-14
1160,becauseincrease.net,2013-01-14
1161,articlefollow.net,2013-01-14
1162,becomefollow.net,2013-01-14
1163,articlehusband.net,2013-01-14
1164,becomehusband.net,2013-01-14
1165,articleforest.net,2013-01-14
1166,becomeforest.net,2013-01-14
1167,articleincrease.net,2013-01-14
1168,becomeincrease.net,2013-01-14
1169,abovefresh.net,2013-01-14
1170,alreadyfresh.net,2013-01-14
1171,abovekitchen.net,2013-01-14
1172,alreadykitchen.net,2013-01-14
1173,abovefurther.net,2013-01-14
1174,alreadyfurther.net,2013-01-14
1175,abovelabor.net,2013-01-14
1176,alreadylabor.net,2013-01-14
1177,actionfresh.net,2013-01-14
1178,althoughfresh.net,2013-01-14
1179,actionkitchen.net,2013-01-14
1180,althoughkitchen.net,2013-01-14
1181,actionfurther.net,2013-01-14
1182,althoughfurther.net,2013-01-14
1183,actionlabor.net,2013-01-14
1184,althoughlabor.net,2013-01-14
1185,answerfresh.net,2013-01-14
1186,basketfresh.net,2013-01-14
1187,answerkitchen.net,2013-01-14
1188,basketkitchen.net,2013-01-14
1189,answerfurther.net,2013-01-14
1190,chancefamous.net,2013-01-15
1191,circlefamous.net,2013-01-15
1192,chancegovern.net,2013-01-15
1193,circlegovern.net,2013-01-15
1194,chancefather.net,2013-01-15
1195,circlefather.net,2013-01-15
1196,chancehappen.net,2013-01-15
1197,circlehappen.net,2013-01-15
1198,characterfamous.net,2013-01-15
1199,classfamous.net,2013-01-15
1200,charactergovern.net,2013-01-15
1201,classgovern.net,2013-01-15
1202,characterfather.net,2013-01-15
1203,classfather.net,2013-01-15
1204,characterhappen.net,2013-01-15
1205,classhappen.net,2013-01-15
1206,completefamous.net,2013-01-15
1207,coursefamous.net,2013-01-15
1208,completegovern.net,2013-01-15
1209,coursegovern.net,2013-01-15
1210,completefather.net,2013-01-15
1211,coursefather.net,2013-01-15
1212,completehappen.net,2013-01-15
1213,coursehappen.net,2013-01-15
1214,conditionfamous.net,2013-01-15
1215,coverfamous.net,2013-01-15
1216,conditiongovern.net,2013-01-15
1217,covergovern.net,2013-01-15
1218,conditionfather.net,2013-01-15
1219,coverfather.net,2013-01-15
1220,conditionhappen.net,2013-01-15
1221,coverhappen.net,2013-01-15
1222,childhoodfamous.net,2013-01-15
1223,closefamous.net,2013-01-15
1224,childhoodgovern.net,2013-01-15
1225,closegovern.net,2013-01-15
1226,childhoodfather.net,2013-01-15
1227,closefather.net,2013-01-15
1228,childhoodhappen.net,2013-01-15
1229,closehappen.net,2013-01-15
1230,childrenfamous.net,2013-01-15
1231,clothesfamous.net,2013-01-15
1232,childrengovern.net,2013-01-15
1233,clothesgovern.net,2013-01-15
1234,childrenfather.net,2013-01-15
1235,clothesfather.net,2013-01-15
1236,childrenhappen.net,2013-01-15
1237,clotheshappen.net,2013-01-15
1238,continuefamous.net,2013-01-15
1239,decidefamous.net,2013-01-15
1240,continuegovern.net,2013-01-15
1241,decidegovern.net,2013-01-15
1242,continuefather.net,2013-01-15
1243,decidefather.net,2013-01-15
1244,continuehappen.net,2013-01-15
1245,decidehappen.net,2013-01-15
1246,controlfamous.net,2013-01-15
1247,degreefamous.net,2013-01-15
1248,controlgovern.net,2013-01-15
1249,degreegovern.net,2013-01-15
1250,controlfather.net,2013-01-15
1251,degreefather.net,2013-01-15
1252,controlhappen.net,2013-01-15
1253,degreehappen.net,2013-01-15
1254,chancefinger.net,2013-01-15
1255,circlefinger.net,2013-01-15
1256,chancehistory.net,2013-01-15
1257,circlehistory.net,2013-01-15
1258,chanceflier.net,2013-01-15
1259,circleflier.net,2013-01-15
1260,chancehowever.net,2013-01-15
1261,circlehowever.net,2013-01-15
1262,characterfinger.net,2013-01-15
1263,classfinger.net,2013-01-15
1264,characterhistory.net,2013-01-15
1265,classhistory.net,2013-01-15
1266,characterflier.net,2013-01-15
1267,classflier.net,2013-01-15
1268,characterhowever.net,2013-01-15
1269,classhowever.net,2013-01-15
1270,completefinger.net,2013-01-15
1271,coursefinger.net,2013-01-15
1272,completehistory.net,2013-01-15
1273,coursehistory.net,2013-01-15
1274,completeflier.net,2013-01-15
1275,advancemillion.net,2013-01-16
1276,alwaysmillion.net,2013-01-16
1277,advancepeople.net,2013-01-16
1278,alwayspeople.net,2013-01-16
1279,advancemister.net,2013-01-16
1280,alwaysmister.net,2013-01-16
1281,advanceperhaps.net,2013-01-16
1282,alwaysperhaps.net,2013-01-16
1283,afraidmillion.net,2013-01-16
1284,amountmillion.net,2013-01-16
1285,afraidpeople.net,2013-01-16
1286,amountpeople.net,2013-01-16
1287,afraidmister.net,2013-01-16
1288,amountmister.net,2013-01-16
1289,afraidperhaps.net,2013-01-16
1290,amountperhaps.net,2013-01-16
1291,applemillion.net,2013-01-16
1292,beautymillion.net,2013-01-16
1293,applepeople.net,2013-01-16
1294,beautypeople.net,2013-01-16
1295,applemister.net,2013-01-16
1296,beautymister.net,2013-01-16
1297,appleperhaps.net,2013-01-16
1298,beautyperhaps.net,2013-01-16
1299,aroundmillion.net,2013-01-16
1300,becamemillion.net,2013-01-16
1301,aroundpeople.net,2013-01-16
1302,becamepeople.net,2013-01-16
1303,aroundmister.net,2013-01-16
1304,becamemister.net,2013-01-16
1305,aroundperhaps.net,2013-01-16
1306,becameperhaps.net,2013-01-16
1307,almostmillion.net,2013-01-16
1308,animalmillion.net,2013-01-16
1309,almostpeople.net,2013-01-16
1310,animalpeople.net,2013-01-16
1311,almostmister.net,2013-01-16
1312,animalmister.net,2013-01-16
1313,almostperhaps.net,2013-01-16
1314,animalperhaps.net,2013-01-16
1315,alonemillion.net,2013-01-16
1316,anothermillion.net,2013-01-16
1317,alonepeople.net,2013-01-16
1318,anotherpeople.net,2013-01-16
1319,alonemister.net,2013-01-16
1320,anothermister.net,2013-01-16
1321,aloneperhaps.net,2013-01-16
1322,anotherperhaps.net,2013-01-16
1323,attemptmillion.net,2013-01-16
1324,beforemillion.net,2013-01-16
1325,attemptpeople.net,2013-01-16
1326,beforepeople.net,2013-01-16
1327,attemptmister.net,2013-01-16
1328,beforemister.net,2013-01-16
1329,attemptperhaps.net,2013-01-16
1330,beforeperhaps.net,2013-01-16
1331,bankermillion.net,2013-01-16
1332,beginmillion.net,2013-01-16
1333,bankerpeople.net,2013-01-16
1334,beginpeople.net,2013-01-16
1335,bankermister.net,2013-01-16
1336,beginmister.net,2013-01-16
1337,bankerperhaps.net,2013-01-16
1338,beginperhaps.net,2013-01-16
1339,advancenation.net,2013-01-16
1340,alwaysnation.net,2013-01-16
1341,advancepleasure.net,2013-01-16
1342,alwayspleasure.net,2013-01-16
1343,advancenearly.net,2013-01-16
1344,alwaysnearly.net,2013-01-16
1345,advancepossible.net,2013-01-16
1346,alwayspossible.net,2013-01-16
1347,afraidnation.net,2013-01-16
1348,amountnation.net,2013-01-16
1349,afraidpleasure.net,2013-01-16
1350,amountpleasure.net,2013-01-16
1351,afraidnearly.net,2013-01-16
1352,amountnearly.net,2013-01-16
1353,afraidpossible.net,2013-01-16
1354,amountpossible.net,2013-01-16
1355,applenation.net,2013-01-16
1356,beautynation.net,2013-01-16
1357,applepleasure.net,2013-01-16
1358,beautypleasure.net,2013-01-16
1359,applenearly.net,2013-01-16
1360,advanceleader.net,2013-01-17
1361,alwaysleader.net,2013-01-17
1362,advanceneedle.net,2013-01-17
1363,alwaysneedle.net,2013-01-17
1364,advancelength.net,2013-01-17
1365,alwayslength.net,2013-01-17
1366,advanceneither.net,2013-01-17
1367,alwaysneither.net,2013-01-17
1368,afraidleader.net,2013-01-17
1369,amountleader.net,2013-01-17
1370,afraidneedle.net,2013-01-17
1371,amountneedle.net,2013-01-17
1372,afraidlength.net,2013-01-17
1373,amountlength.net,2013-01-17
1374,afraidneither.net,2013-01-17
1375,amountneither.net,2013-01-17
1376,appleleader.net,2013-01-17
1377,beautyleader.net,2013-01-17
1378,appleneedle.net,2013-01-17
1379,beautyneedle.net,2013-01-17
1380,applelength.net,2013-01-17
1381,beautylength.net,2013-01-17
1382,appleneither.net,2013-01-17
1383,beautyneither.net,2013-01-17
1384,aroundleader.net,2013-01-17
1385,becameleader.net,2013-01-17
1386,aroundneedle.net,2013-01-17
1387,becameneedle.net,2013-01-17
1388,aroundlength.net,2013-01-17
1389,becamelength.net,2013-01-17
1390,aroundneither.net,2013-01-17
1391,becameneither.net,2013-01-17
1392,almostleader.net,2013-01-17
1393,animalleader.net,2013-01-17
1394,almostneedle.net,2013-01-17
1395,animalneedle.net,2013-01-17
1396,almostlength.net,2013-01-17
1397,animallength.net,2013-01-17
1398,almostneither.net,2013-01-17
1399,animalneither.net,2013-01-17
1400,aloneleader.net,2013-01-17
1401,anotherleader.net,2013-01-17
1402,aloneneedle.net,2013-01-17
1403,anotherneedle.net,2013-01-17
1404,alonelength.net,2013-01-17
1405,anotherlength.net,2013-01-17
1406,aloneneither.net,2013-01-17
1407,anotherneither.net,2013-01-17
1408,attemptleader.net,2013-01-17
1409,beforeleader.net,2013-01-17
1410,attemptneedle.net,2013-01-17
1411,beforeneedle.net,2013-01-17
1412,attemptlength.net,2013-01-17
1413,beforelength.net,2013-01-17
1414,attemptneither.net,2013-01-17
1415,beforeneither.net,2013-01-17
1416,bankerleader.net,2013-01-17
1417,beginleader.net,2013-01-17
1418,bankerneedle.net,2013-01-17
1419,beginneedle.net,2013-01-17
1420,bankerlength.net,2013-01-17
1421,beginlength.net,2013-01-17
1422,bankerneither.net,2013-01-17
1423,beginneither.net,2013-01-17
1424,advancemanner.net,2013-01-17
1425,alwaysmanner.net,2013-01-17
1426,advancenumber.net,2013-01-17
1427,alwaysnumber.net,2013-01-17
1428,advancemaster.net,2013-01-17
1429,alwaysmaster.net,2013-01-17
1430,advanceoclock.net,2013-01-17
1431,alwaysoclock.net,2013-01-17
1432,afraidmanner.net,2013-01-17
1433,amountmanner.net,2013-01-17
1434,afraidnumber.net,2013-01-17
1435,amountnumber.net,2013-01-17
1436,afraidmaster.net,2013-01-17
1437,amountmaster.net,2013-01-17
1438,afraidoclock.net,2013-01-17
1439,amountoclock.net,2013-01-17
1440,applemanner.net,2013-01-17
1441,beautymanner.net,2013-01-17
1442,applenumber.net,2013-01-17
1443,beautynumber.net,2013-01-17
1444,applemaster.net,2013-01-17
1445,chancemillion.net,2013-01-18
1446,circlemillion.net,2013-01-18
1447,chancepeople.net,2013-01-18
1448,circlepeople.net,2013-01-18
1449,chancemister.net,2013-01-18
1450,circlemister.net,2013-01-18
1451,chanceperhaps.net,2013-01-18
1452,circleperhaps.net,2013-01-18
1453,charactermillion.net,2013-01-18
1454,classmillion.net,2013-01-18
1455,characterpeople.net,2013-01-18
1456,classpeople.net,2013-01-18
1457,charactermister.net,2013-01-18
1458,classmister.net,2013-01-18
1459,characterperhaps.net,2013-01-18
1460,classperhaps.net,2013-01-18
1461,completemillion.net,2013-01-18
1462,coursemillion.net,2013-01-18
1463,completepeople.net,2013-01-18
1464,coursepeople.net,2013-01-18
1465,completemister.net,2013-01-18
1466,coursemister.net,2013-01-18
1467,completeperhaps.net,2013-01-18
1468,courseperhaps.net,2013-01-18
1469,conditionmillion.net,2013-01-18
1470,covermillion.net,2013-01-18
1471,conditionpeople.net,2013-01-18
1472,coverpeople.net,2013-01-18
1473,conditionmister.net,2013-01-18
1474,covermister.net,2013-01-18
1475,conditionperhaps.net,2013-01-18
1476,coverperhaps.net,2013-01-18
1477,childhoodmillion.net,2013-01-18
1478,closemillion.net,2013-01-18
1479,childhoodpeople.net,2013-01-18
1480,closepeople.net,2013-01-18
1481,childhoodmister.net,2013-01-18
1482,closemister.net,2013-01-18
1483,childhoodperhaps.net,2013-01-18
1484,closeperhaps.net,2013-01-18
1485,childrenmillion.net,2013-01-18
1486,clothesmillion.net,2013-01-18
1487,childrenpeople.net,2013-01-18
1488,clothespeople.net,2013-01-18
1489,childrenmister.net,2013-01-18
1490,clothesmister.net,2013-01-18
1491,childrenperhaps.net,2013-01-18
1492,clothesperhaps.net,2013-01-18
1493,continuemillion.net,2013-01-18
1494,decidemillion.net,2013-01-18
1495,continuepeople.net,2013-01-18
1496,decidepeople.net,2013-01-18
1497,continuemister.net,2013-01-18
1498,decidemister.net,2013-01-18
1499,continueperhaps.net,2013-01-18
1500,decideperhaps.net,2013-01-18
1501,controlmillion.net,2013-01-18
1502,degreemillion.net,2013-01-18
1503,controlpeople.net,2013-01-18
1504,degreepeople.net,2013-01-18
1505,controlmister.net,2013-01-18
1506,degreemister.net,2013-01-18
1507,controlperhaps.net,2013-01-18
1508,degreeperhaps.net,2013-01-18
1509,chancenation.net,2013-01-18
1510,circlenation.net,2013-01-18
1511,chancepleasure.net,2013-01-18
1512,circlepleasure.net,2013-01-18
1513,chancenearly.net,2013-01-18
1514,circlenearly.net,2013-01-18
1515,chancepossible.net,2013-01-18
1516,circlepossible.net,2013-01-18
1517,characternation.net,2013-01-18
1518,classnation.net,2013-01-18
1519,characterpleasure.net,2013-01-18
1520,classpleasure.net,2013-01-18
1521,characternearly.net,2013-01-18
1522,classnearly.net,2013-01-18
1523,characterpossible.net,2013-01-18
1524,classpossible.net,2013-01-18
1525,completenation.net,2013-01-18
1526,coursenation.net,2013-01-18
1527,completepleasure.net,2013-01-18
1528,coursepleasure.net,2013-01-18
1529,completenearly.net,2013-01-18
1530,chanceleader.net,2013-01-19
1531,circleleader.net,2013-01-19
1532,chanceneedle.net,2013-01-19
1533,circleneedle.net,2013-01-19
1534,chancelength.net,2013-01-19
1535,circlelength.net,2013-01-19
1536,chanceneither.net,2013-01-19
1537,circleneither.net,2013-01-19
1538,characterleader.net,2013-01-19
1539,classleader.net,2013-01-19
1540,characterneedle.net,2013-01-19
1541,classneedle.net,2013-01-19
1542,characterlength.net,2013-01-19
1543,classlength.net,2013-01-19
1544,characterneither.net,2013-01-19
1545,classneither.net,2013-01-19
1546,completeleader.net,2013-01-19
1547,courseleader.net,2013-01-19
1548,completeneedle.net,2013-01-19
1549,courseneedle.net,2013-01-19
1550,completelength.net,2013-01-19
1551,courselength.net,2013-01-19
1552,completeneither.net,2013-01-19
1553,courseneither.net,2013-01-19
1554,conditionleader.net,2013-01-19
1555,coverleader.net,2013-01-19
1556,conditionneedle.net,2013-01-19
1557,coverneedle.net,2013-01-19
1558,conditionlength.net,2013-01-19
1559,coverlength.net,2013-01-19
1560,conditionneither.net,2013-01-19
1561,coverneither.net,2013-01-19
1562,childhoodleader.net,2013-01-19
1563,closeleader.net,2013-01-19
1564,childhoodneedle.net,2013-01-19
1565,closeneedle.net,2013-01-19
1566,childhoodlength.net,2013-01-19
1567,closelength.net,2013-01-19
1568,childhoodneither.net,2013-01-19
1569,closeneither.net,2013-01-19
1570,childrenleader.net,2013-01-19
1571,clothesleader.net,2013-01-19
1572,childrenneedle.net,2013-01-19
1573,clothesneedle.net,2013-01-19
1574,childrenlength.net,2013-01-19
1575,clotheslength.net,2013-01-19
1576,childrenneither.net,2013-01-19
1577,clothesneither.net,2013-01-19
1578,continueleader.net,2013-01-19
1579,decideleader.net,2013-01-19
1580,continueneedle.net,2013-01-19
1581,decideneedle.net,2013-01-19
1582,continuelength.net,2013-01-19
1583,decidelength.net,2013-01-19
1584,continueneither.net,2013-01-19
1585,decideneither.net,2013-01-19
1586,controlleader.net,2013-01-19
1587,degreeleader.net,2013-01-19
1588,controlneedle.net,2013-01-19
1589,degreeneedle.net,2013-01-19
1590,controllength.net,2013-01-19
1591,degreelength.net,2013-01-19
1592,controlneither.net,2013-01-19
1593,degreeneither.net,2013-01-19
1594,chancemanner.net,2013-01-19
1595,circlemanner.net,2013-01-19
1596,chancenumber.net,2013-01-19
1597,circlenumber.net,2013-01-19
1598,chancemaster.net,2013-01-19
1599,circlemaster.net,2013-01-19
1600,chanceoclock.net,2013-01-19
1601,circleoclock.net,2013-01-19
1602,charactermanner.net,2013-01-19
1603,classmanner.net,2013-01-19
1604,characternumber.net,2013-01-19
1605,classnumber.net,2013-01-19
1606,charactermaster.net,2013-01-19
1607,classmaster.net,2013-01-19
1608,characteroclock.net,2013-01-19
1609,classoclock.net,2013-01-19
1610,completemanner.net,2013-01-19
1611,coursemanner.net,2013-01-19
1612,completenumber.net,2013-01-19
1613,coursenumber.net,2013-01-19
1614,completemaster.net,2013-01-19
1615,advanceforget.net,2013-01-20
1616,alwaysforget.net,2013-01-20
1617,advanceindustry.net,2013-01-20
1618,alwaysindustry.net,2013-01-20
1619,advanceforward.net,2013-01-20
1620,alwaysforward.net,2013-01-20
1621,advanceinstead.net,2013-01-20
1622,alwaysinstead.net,2013-01-20
1623,afraidforget.net,2013-01-20
1624,amountforget.net,2013-01-20
1625,afraidindustry.net,2013-01-20
1626,amountindustry.net,2013-01-20
1627,afraidforward.net,2013-01-20
1628,amountforward.net,2013-01-20
1629,afraidinstead.net,2013-01-20
1630,amountinstead.net,2013-01-20
1631,appleforget.net,2013-01-20
1632,beautyforget.net,2013-01-20
1633,appleindustry.net,2013-01-20
1634,beautyindustry.net,2013-01-20
1635,appleforward.net,2013-01-20
1636,beautyforward.net,2013-01-20
1637,appleinstead.net,2013-01-20
1638,beautyinstead.net,2013-01-20
1639,aroundforget.net,2013-01-20
1640,becameforget.net,2013-01-20
1641,aroundindustry.net,2013-01-20
1642,becameindustry.net,2013-01-20
1643,aroundforward.net,2013-01-20
1644,becameforward.net,2013-01-20
1645,aroundinstead.net,2013-01-20
1646,becameinstead.net,2013-01-20
1647,almostforget.net,2013-01-20
1648,animalforget.net,2013-01-20
1649,almostindustry.net,2013-01-20
1650,animalindustry.net,2013-01-20
1651,almostforward.net,2013-01-20
1652,animalforward.net,2013-01-20
1653,almostinstead.net,2013-01-20
1654,animalinstead.net,2013-01-20
1655,aloneforget.net,2013-01-20
1656,anotherforget.net,2013-01-20
1657,aloneindustry.net,2013-01-20
1658,anotherindustry.net,2013-01-20
1659,aloneforward.net,2013-01-20
1660,anotherforward.net,2013-01-20
1661,aloneinstead.net,2013-01-20
1662,anotherinstead.net,2013-01-20
1663,attemptforget.net,2013-01-20
1664,beforeforget.net,2013-01-20
1665,attemptindustry.net,2013-01-20
1666,beforeindustry.net,2013-01-20
1667,attemptforward.net,2013-01-20
1668,beforeforward.net,2013-01-20
1669,attemptinstead.net,2013-01-20
1670,beforeinstead.net,2013-01-20
1671,bankerforget.net,2013-01-20
1672,beginforget.net,2013-01-20
1673,bankerindustry.net,2013-01-20
1674,beginindustry.net,2013-01-20
1675,bankerforward.net,2013-01-20
1676,beginforward.net,2013-01-20
1677,bankerinstead.net,2013-01-20
1678,begininstead.net,2013-01-20
1679,advancegarden.net,2013-01-20
1680,alwaysgarden.net,2013-01-20
1681,advancelanguage.net,2013-01-20
1682,alwayslanguage.net,2013-01-20
1683,advancegeneral.net,2013-01-20
1684,alwaysgeneral.net,2013-01-20
1685,advancelaugh.net,2013-01-20
1686,alwayslaugh.net,2013-01-20
1687,afraidgarden.net,2013-01-20
1688,amountgarden.net,2013-01-20
1689,afraidlanguage.net,2013-01-20
1690,amountlanguage.net,2013-01-20
1691,afraidgeneral.net,2013-01-20
1692,amountgeneral.net,2013-01-20
1693,afraidlaugh.net,2013-01-20
1694,amountlaugh.net,2013-01-20
1695,applegarden.net,2013-01-20
1696,beautygarden.net,2013-01-20
1697,applelanguage.net,2013-01-20
1698,beautylanguage.net,2013-01-20
1699,applegeneral.net,2013-01-20
1700,advanceexpect.net,2013-01-21
1701,alwaysexpect.net,2013-01-21
1702,advancegentleman.net,2013-01-21
1703,alwaysgentleman.net,2013-01-21
1704,advanceexplain.net,2013-01-21
1705,alwaysexplain.net,2013-01-21
1706,advanceglossary.net,2013-01-21
1707,alwaysglossary.net,2013-01-21
1708,afraidexpect.net,2013-01-21
1709,amountexpect.net,2013-01-21
1710,afraidgentleman.net,2013-01-21
1711,amountgentleman.net,2013-01-21
1712,afraidexplain.net,2013-01-21
1713,amountexplain.net,2013-01-21
1714,afraidglossary.net,2013-01-21
1715,amountglossary.net,2013-01-21
1716,appleexpect.net,2013-01-21
1717,beautyexpect.net,2013-01-21
1718,applegentleman.net,2013-01-21
1719,beautygentleman.net,2013-01-21
1720,appleexplain.net,2013-01-21
1721,beautyexplain.net,2013-01-21
1722,appleglossary.net,2013-01-21
1723,beautyglossary.net,2013-01-21
1724,aroundexpect.net,2013-01-21
1725,becameexpect.net,2013-01-21
1726,aroundgentleman.net,2013-01-21
1727,becamegentleman.net,2013-01-21
1728,aroundexplain.net,2013-01-21
1729,becameexplain.net,2013-01-21
1730,aroundglossary.net,2013-01-21
1731,becameglossary.net,2013-01-21
1732,almostexpect.net,2013-01-21
1733,animalexpect.net,2013-01-21
1734,almostgentleman.net,2013-01-21
1735,animalgentleman.net,2013-01-21
1736,almostexplain.net,2013-01-21
1737,animalexplain.net,2013-01-21
1738,almostglossary.net,2013-01-21
1739,animalglossary.net,2013-01-21
1740,aloneexpect.net,2013-01-21
1741,anotherexpect.net,2013-01-21
1742,alonegentleman.net,2013-01-21
1743,anothergentleman.net,2013-01-21
1744,aloneexplain.net,2013-01-21
1745,anotherexplain.net,2013-01-21
1746,aloneglossary.net,2013-01-21
1747,anotherglossary.net,2013-01-21
1748,attemptexpect.net,2013-01-21
1749,beforeexpect.net,2013-01-21
1750,attemptgentleman.net,2013-01-21
1751,beforegentleman.net,2013-01-21
1752,attemptexplain.net,2013-01-21
1753,beforeexplain.net,2013-01-21
1754,attemptglossary.net,2013-01-21
1755,beforeglossary.net,2013-01-21
1756,bankerexpect.net,2013-01-21
1757,beginexpect.net,2013-01-21
1758,bankergentleman.net,2013-01-21
1759,begingentleman.net,2013-01-21
1760,bankerexplain.net,2013-01-21
1761,beginexplain.net,2013-01-21
1762,bankerglossary.net,2013-01-21
1763,beginglossary.net,2013-01-21
1764,advancefence.net,2013-01-21
1765,alwaysfence.net,2013-01-21
1766,advanceheard.net,2013-01-21
1767,alwaysheard.net,2013-01-21
1768,advancefight.net,2013-01-21
1769,alwaysfight.net,2013-01-21
1770,advanceheaven.net,2013-01-21
1771,alwaysheaven.net,2013-01-21
1772,afraidfence.net,2013-01-21
1773,amountfence.net,2013-01-21
1774,afraidheard.net,2013-01-21
1775,amountheard.net,2013-01-21
1776,afraidfight.net,2013-01-21
1777,amountfight.net,2013-01-21
1778,afraidheaven.net,2013-01-21
1779,amountheaven.net,2013-01-21
1780,applefence.net,2013-01-21
1781,beautyfence.net,2013-01-21
1782,appleheard.net,2013-01-21
1783,beautyheard.net,2013-01-21
1784,applefight.net,2013-01-21
1785,chanceforget.net,2013-01-22
1786,circleforget.net,2013-01-22
1787,chanceindustry.net,2013-01-22
1788,circleindustry.net,2013-01-22
1789,chanceforward.net,2013-01-22
1790,circleforward.net,2013-01-22
1791,chanceinstead.net,2013-01-22
1792,circleinstead.net,2013-01-22
1793,characterforget.net,2013-01-22
1794,classforget.net,2013-01-22
1795,characterindustry.net,2013-01-22
1796,classindustry.net,2013-01-22
1797,characterforward.net,2013-01-22
1798,classforward.net,2013-01-22
1799,characterinstead.net,2013-01-22
1800,classinstead.net,2013-01-22
1801,completeforget.net,2013-01-22
1802,courseforget.net,2013-01-22
1803,completeindustry.net,2013-01-22
1804,courseindustry.net,2013-01-22
1805,completeforward.net,2013-01-22
1806,courseforward.net,2013-01-22
1807,completeinstead.net,2013-01-22
1808,courseinstead.net,2013-01-22
1809,conditionforget.net,2013-01-22
1810,coverforget.net,2013-01-22
1811,conditionindustry.net,2013-01-22
1812,coverindustry.net,2013-01-22
1813,conditionforward.net,2013-01-22
1814,coverforward.net,2013-01-22
1815,conditioninstead.net,2013-01-22
1816,coverinstead.net,2013-01-22
1817,childhoodforget.net,2013-01-22
1818,closeforget.net,2013-01-22
1819,childhoodindustry.net,2013-01-22
1820,closeindustry.net,2013-01-22
1821,childhoodforward.net,2013-01-22
1822,closeforward.net,2013-01-22
1823,childhoodinstead.net,2013-01-22
1824,closeinstead.net,2013-01-22
1825,childrenforget.net,2013-01-22
1826,clothesforget.net,2013-01-22
1827,childrenindustry.net,2013-01-22
1828,clothesindustry.net,2013-01-22
1829,childrenforward.net,2013-01-22
1830,clothesforward.net,2013-01-22
1831,childreninstead.net,2013-01-22
1832,clothesinstead.net,2013-01-22
1833,continueforget.net,2013-01-22
1834,decideforget.net,2013-01-22
1835,continueindustry.net,2013-01-22
1836,decideindustry.net,2013-01-22
1837,continueforward.net,2013-01-22
1838,decideforward.net,2013-01-22
1839,continueinstead.net,2013-01-22
1840,decideinstead.net,2013-01-22
1841,controlforget.net,2013-01-22
1842,degreeforget.net,2013-01-22
1843,controlindustry.net,2013-01-22
1844,degreeindustry.net,2013-01-22
1845,controlforward.net,2013-01-22
1846,degreeforward.net,2013-01-22
1847,controlinstead.net,2013-01-22
1848,degreeinstead.net,2013-01-22
1849,chancegarden.net,2013-01-22
1850,circlegarden.net,2013-01-22
1851,chancelanguage.net,2013-01-22
1852,circlelanguage.net,2013-01-22
1853,chancegeneral.net,2013-01-22
1854,circlegeneral.net,2013-01-22
1855,chancelaugh.net,2013-01-22
1856,circlelaugh.net,2013-01-22
1857,charactergarden.net,2013-01-22
1858,classgarden.net,2013-01-22
1859,characterlanguage.net,2013-01-22
1860,classlanguage.net,2013-01-22
1861,charactergeneral.net,2013-01-22
1862,classgeneral.net,2013-01-22
1863,characterlaugh.net,2013-01-22
1864,classlaugh.net,2013-01-22
1865,completegarden.net,2013-01-22
1866,coursegarden.net,2013-01-22
1867,completelanguage.net,2013-01-22
1868,courselanguage.net,2013-01-22
1869,completegeneral.net,2013-01-22
1870,chanceexpect.net,2013-01-23
1871,circleexpect.net,2013-01-23
1872,chancegentleman.net,2013-01-23
1873,circlegentleman.net,2013-01-23
1874,chanceexplain.net,2013-01-23
1875,circleexplain.net,2013-01-23
1876,chanceglossary.net,2013-01-23
1877,circleglossary.net,2013-01-23
1878,characterexpect.net,2013-01-23
1879,classexpect.net,2013-01-23
1880,charactergentleman.net,2013-01-23
1881,classgentleman.net,2013-01-23
1882,characterexplain.net,2013-01-23
1883,classexplain.net,2013-01-23
1884,characterglossary.net,2013-01-23
1885,classglossary.net,2013-01-23
1886,completeexpect.net,2013-01-23
1887,courseexpect.net,2013-01-23
1888,completegentleman.net,2013-01-23
1889,coursegentleman.net,2013-01-23
1890,completeexplain.net,2013-01-23
1891,courseexplain.net,2013-01-23
1892,completeglossary.net,2013-01-23
1893,courseglossary.net,2013-01-23
1894,conditionexpect.net,2013-01-23
1895,coverexpect.net,2013-01-23
1896,conditiongentleman.net,2013-01-23
1897,covergentleman.net,2013-01-23
1898,conditionexplain.net,2013-01-23
1899,coverexplain.net,2013-01-23
1900,conditionglossary.net,2013-01-23
1901,coverglossary.net,2013-01-23
1902,childhoodexpect.net,2013-01-23
1903,closeexpect.net,2013-01-23
1904,childhoodgentleman.net,2013-01-23
1905,closegentleman.net,2013-01-23
1906,childhoodexplain.net,2013-01-23
1907,closeexplain.net,2013-01-23
1908,childhoodglossary.net,2013-01-23
1909,closeglossary.net,2013-01-23
1910,childrenexpect.net,2013-01-23
1911,clothesexpect.net,2013-01-23
1912,childrengentleman.net,2013-01-23
1913,clothesgentleman.net,2013-01-23
1914,childrenexplain.net,2013-01-23
1915,clothesexplain.net,2013-01-23
1916,childrenglossary.net,2013-01-23
1917,clothesglossary.net,2013-01-23
1918,continueexpect.net,2013-01-23
1919,decideexpect.net,2013-01-23
1920,continuegentleman.net,2013-01-23
1921,decidegentleman.net,2013-01-23
1922,continueexplain.net,2013-01-23
1923,decideexplain.net,2013-01-23
1924,continueglossary.net,2013-01-23
1925,decideglossary.net,2013-01-23
1926,controlexpect.net,2013-01-23
1927,degreeexpect.net,2013-01-23
1928,controlgentleman.net,2013-01-23
1929,degreegentleman.net,2013-01-23
1930,controlexplain.net,2013-01-23
1931,degreeexplain.net,2013-01-23
1932,controlglossary.net,2013-01-23
1933,degreeglossary.net,2013-01-23
1934,chancefence.net,2013-01-23
1935,circlefence.net,2013-01-23
1936,chanceheard.net,2013-01-23
1937,circleheard.net,2013-01-23
1938,chancefight.net,2013-01-23
1939,circlefight.net,2013-01-23
1940,chanceheaven.net,2013-01-23
1941,circleheaven.net,2013-01-23
1942,characterfence.net,2013-01-23
1943,classfence.net,2013-01-23
1944,characterheard.net,2013-01-23
1945,classheard.net,2013-01-23
1946,characterfight.net,2013-01-23
1947,classfight.net,2013-01-23
1948,characterheaven.net,2013-01-23
1949,classheaven.net,2013-01-23
1950,completefence.net,2013-01-23
1951,coursefence.net,2013-01-23
1952,completeheard.net,2013-01-23
1953,courseheard.net,2013-01-23
1954,completefight.net,2013-01-23
1955,advancemember.net,2013-01-24
1956,alwaysmember.net,2013-01-24
1957,advanceoutside.net,2013-01-24
1958,alwaysoutside.net,2013-01-24
1959,advancemiddle.net,2013-01-24
1960,alwaysmiddle.net,2013-01-24
1961,advancepartial.net,2013-01-24
1962,alwayspartial.net,2013-01-24
1963,afraidmember.net,2013-01-24
1964,amountmember.net,2013-01-24
1965,afraidoutside.net,2013-01-24
1966,amountoutside.net,2013-01-24
1967,afraidmiddle.net,2013-01-24
1968,amountmiddle.net,2013-01-24
1969,afraidpartial.net,2013-01-24
1970,amountpartial.net,2013-01-24
1971,applemember.net,2013-01-24
1972,beautymember.net,2013-01-24
1973,appleoutside.net,2013-01-24
1974,beautyoutside.net,2013-01-24
1975,applemiddle.net,2013-01-24
1976,beautymiddle.net,2013-01-24
1977,applepartial.net,2013-01-24
1978,beautypartial.net,2013-01-24
1979,aroundmember.net,2013-01-24
1980,becamemember.net,2013-01-24
1981,aroundoutside.net,2013-01-24
1982,becameoutside.net,2013-01-24
1983,aroundmiddle.net,2013-01-24
1984,becamemiddle.net,2013-01-24
1985,aroundpartial.net,2013-01-24
1986,becamepartial.net,2013-01-24
1987,almostmember.net,2013-01-24
1988,animalmember.net,2013-01-24
1989,almostoutside.net,2013-01-24
1990,animaloutside.net,2013-01-24
1991,almostmiddle.net,2013-01-24
1992,animalmiddle.net,2013-01-24
1993,almostpartial.net,2013-01-24
1994,animalpartial.net,2013-01-24
1995,alonemember.net,2013-01-24
1996,anothermember.net,2013-01-24
1997,aloneoutside.net,2013-01-24
1998,anotheroutside.net,2013-01-24
1999,alonemiddle.net,2013-01-24
2000,anothermiddle.net,2013-01-24
2001,alonepartial.net,2013-01-24
2002,anotherpartial.net,2013-01-24
2003,attemptmember.net,2013-01-24
2004,beforemember.net,2013-01-24
2005,attemptoutside.net,2013-01-24
2006,beforeoutside.net,2013-01-24
2007,attemptmiddle.net,2013-01-24
2008,beforemiddle.net,2013-01-24
2009,attemptpartial.net,2013-01-24
2010,beforepartial.net,2013-01-24
2011,bankermember.net,2013-01-24
2012,beginmember.net,2013-01-24
2013,bankeroutside.net,2013-01-24
2014,beginoutside.net,2013-01-24
2015,bankermiddle.net,2013-01-24
2016,beginmiddle.net,2013-01-24
2017,bankerpartial.net,2013-01-24
2018,beginpartial.net,2013-01-24
2019,advancemorning.net,2013-01-24
2020,alwaysmorning.net,2013-01-24
2021,advanceperson.net,2013-01-24
2022,alwaysperson.net,2013-01-24
2023,advancemountain.net,2013-01-24
2024,alwaysmountain.net,2013-01-24
2025,advancepleasant.net,2013-01-24
2026,alwayspleasant.net,2013-01-24
2027,afraidmorning.net,2013-01-24
2028,amountmorning.net,2013-01-24
2029,afraidperson.net,2013-01-24
2030,amountperson.net,2013-01-24
2031,afraidmountain.net,2013-01-24
2032,amountmountain.net,2013-01-24
2033,afraidpleasant.net,2013-01-24
2034,amountpleasant.net,2013-01-24
2035,applemorning.net,2013-01-24
2036,beautymorning.net,2013-01-24
2037,appleperson.net,2013-01-24
2038,beautyperson.net,2013-01-24
2039,applemountain.net,2013-01-24
2040,chargelikely.net,2013-01-25
2041,cleanlikely.net,2013-01-25
2042,chargenight.net,2013-01-25
2043,cleannight.net,2013-01-25
2044,chargelittle.net,2013-01-25
2045,cleanlittle.net,2013-01-25
2046,chargenothing.net,2013-01-25
2047,cleannothing.net,2013-01-25
2048,chieflikely.net,2013-01-25
2049,clearlikely.net,2013-01-25
2050,chiefnight.net,2013-01-25
2051,clearnight.net,2013-01-25
2052,chieflittle.net,2013-01-25
2053,clearlittle.net,2013-01-25
2054,chiefnothing.net,2013-01-25
2055,clearnothing.net,2013-01-25
2056,considerlikely.net,2013-01-25
2057,crowdlikely.net,2013-01-25
2058,considernight.net,2013-01-25
2059,crowdnight.net,2013-01-25
2060,considerlittle.net,2013-01-25
2061,crowdlittle.net,2013-01-25
2062,considernothing.net,2013-01-25
2063,crowdnothing.net,2013-01-25
2064,containlikely.net,2013-01-25
2065,daughterlikely.net,2013-01-25
2066,containnight.net,2013-01-25
2067,daughternight.net,2013-01-25
2068,containlittle.net,2013-01-25
2069,daughterlittle.net,2013-01-25
2070,containnothing.net,2013-01-25
2071,daughternothing.net,2013-01-25
2072,chooselikely.net,2013-01-25
2073,collegelikely.net,2013-01-25
2074,choosenight.net,2013-01-25
2075,collegenight.net,2013-01-25
2076,chooselittle.net,2013-01-25
2077,collegelittle.net,2013-01-25
2078,choosenothing.net,2013-01-25
2079,collegenothing.net,2013-01-25
2080,cigarettelikely.net,2013-01-25
2081,companylikely.net,2013-01-25
2082,cigarettenight.net,2013-01-25
2083,companynight.net,2013-01-25
2084,cigarettelittle.net,2013-01-25
2085,companylittle.net,2013-01-25
2086,cigarettenothing.net,2013-01-25
2087,companynothing.net,2013-01-25
2088,cornerlikely.net,2013-01-25
2089,delightlikely.net,2013-01-25
2090,cornernight.net,2013-01-25
2091,delightnight.net,2013-01-25
2092,cornerlittle.net,2013-01-25
2093,delightlittle.net,2013-01-25
2094,cornernothing.net,2013-01-25
2095,delightnothing.net,2013-01-25
2096,countrylikely.net,2013-01-25
2097,demandlikely.net,2013-01-25
2098,countrynight.net,2013-01-25
2099,demandnight.net,2013-01-25
2100,countrylittle.net,2013-01-25
2101,demandlittle.net,2013-01-25
2102,countrynothing.net,2013-01-25
2103,demandnothing.net,2013-01-25
2104,chargematter.net,2013-01-25
2105,cleanmatter.net,2013-01-25
2106,chargeoften.net,2013-01-25
2107,cleanoften.net,2013-01-25
2108,chargemeasure.net,2013-01-25
2109,cleanmeasure.net,2013-01-25
2110,chargeorder.net,2013-01-25
2111,cleanorder.net,2013-01-25
2112,chiefmatter.net,2013-01-25
2113,clearmatter.net,2013-01-25
2114,chiefoften.net,2013-01-25
2115,clearoften.net,2013-01-25
2116,chiefmeasure.net,2013-01-25
2117,clearmeasure.net,2013-01-25
2118,chieforder.net,2013-01-25
2119,clearorder.net,2013-01-25
2120,considermatter.net,2013-01-25
2121,crowdmatter.net,2013-01-25
2122,consideroften.net,2013-01-25
2123,crowdoften.net,2013-01-25
2124,considermeasure.net,2013-01-25
2125,chancemember.net,2013-01-26
2126,circlemember.net,2013-01-26
2127,chanceoutside.net,2013-01-26
2128,circleoutside.net,2013-01-26
2129,chancemiddle.net,2013-01-26
2130,circlemiddle.net,2013-01-26
2131,chancepartial.net,2013-01-26
2132,circlepartial.net,2013-01-26
2133,charactermember.net,2013-01-26
2134,classmember.net,2013-01-26
2135,characteroutside.net,2013-01-26
2136,classoutside.net,2013-01-26
2137,charactermiddle.net,2013-01-26
2138,classmiddle.net,2013-01-26
2139,characterpartial.net,2013-01-26
2140,classpartial.net,2013-01-26
2141,completemember.net,2013-01-26
2142,coursemember.net,2013-01-26
2143,completeoutside.net,2013-01-26
2144,courseoutside.net,2013-01-26
2145,completemiddle.net,2013-01-26
2146,coursemiddle.net,2013-01-26
2147,completepartial.net,2013-01-26
2148,coursepartial.net,2013-01-26
2149,conditionmember.net,2013-01-26
2150,covermember.net,2013-01-26
2151,conditionoutside.net,2013-01-26
2152,coveroutside.net,2013-01-26
2153,conditionmiddle.net,2013-01-26
2154,covermiddle.net,2013-01-26
2155,conditionpartial.net,2013-01-26
2156,coverpartial.net,2013-01-26
2157,childhoodmember.net,2013-01-26
2158,closemember.net,2013-01-26
2159,childhoodoutside.net,2013-01-26
2160,closeoutside.net,2013-01-26
2161,childhoodmiddle.net,2013-01-26
2162,closemiddle.net,2013-01-26
2163,childhoodpartial.net,2013-01-26
2164,closepartial.net,2013-01-26
2165,childrenmember.net,2013-01-26
2166,clothesmember.net,2013-01-26
2167,childrenoutside.net,2013-01-26
2168,clothesoutside.net,2013-01-26
2169,childrenmiddle.net,2013-01-26
2170,clothesmiddle.net,2013-01-26
2171,childrenpartial.net,2013-01-26
2172,clothespartial.net,2013-01-26
2173,continuemember.net,2013-01-26
2174,decidemember.net,2013-01-26
2175,continueoutside.net,2013-01-26
2176,decideoutside.net,2013-01-26
2177,continuemiddle.net,2013-01-26
2178,decidemiddle.net,2013-01-26
2179,continuepartial.net,2013-01-26
2180,decidepartial.net,2013-01-26
2181,controlmember.net,2013-01-26
2182,degreemember.net,2013-01-26
2183,controloutside.net,2013-01-26
2184,degreeoutside.net,2013-01-26
2185,controlmiddle.net,2013-01-26
2186,degreemiddle.net,2013-01-26
2187,controlpartial.net,2013-01-26
2188,degreepartial.net,2013-01-26
2189,chancemorning.net,2013-01-26
2190,circlemorning.net,2013-01-26
2191,chanceperson.net,2013-01-26
2192,circleperson.net,2013-01-26
2193,chancemountain.net,2013-01-26
2194,circlemountain.net,2013-01-26
2195,chancepleasant.net,2013-01-26
2196,circlepleasant.net,2013-01-26
2197,charactermorning.net,2013-01-26
2198,classmorning.net,2013-01-26
2199,characterperson.net,2013-01-26
2200,classperson.net,2013-01-26
2201,charactermountain.net,2013-01-26
2202,classmountain.net,2013-01-26
2203,characterpleasant.net,2013-01-26
2204,classpleasant.net,2013-01-26
2205,completemorning.net,2013-01-26
2206,coursemorning.net,2013-01-26
2207,completeperson.net,2013-01-26
2208,courseperson.net,2013-01-26
2209,completemountain.net,2013-01-26
2210,abovelikely.net,2013-01-27
2211,alreadylikely.net,2013-01-27
2212,abovenight.net,2013-01-27
2213,alreadynight.net,2013-01-27
2214,abovelittle.net,2013-01-27
2215,alreadylittle.net,2013-01-27
2216,abovenothing.net,2013-01-27
2217,alreadynothing.net,2013-01-27
2218,actionlikely.net,2013-01-27
2219,althoughlikely.net,2013-01-27
2220,actionnight.net,2013-01-27
2221,althoughnight.net,2013-01-27
2222,actionlittle.net,2013-01-27
2223,althoughlittle.net,2013-01-27
2224,actionnothing.net,2013-01-27
2225,althoughnothing.net,2013-01-27
2226,answerlikely.net,2013-01-27
2227,basketlikely.net,2013-01-27
2228,answernight.net,2013-01-27
2229,basketnight.net,2013-01-27
2230,answerlittle.net,2013-01-27
2231,basketlittle.net,2013-01-27
2232,answernothing.net,2013-01-27
2233,basketnothing.net,2013-01-27
2234,appearlikely.net,2013-01-27
2235,battlelikely.net,2013-01-27
2236,appearnight.net,2013-01-27
2237,battlenight.net,2013-01-27
2238,appearlittle.net,2013-01-27
2239,battlelittle.net,2013-01-27
2240,appearnothing.net,2013-01-27
2241,battlenothing.net,2013-01-27
2242,againstlikely.net,2013-01-27
2243,angerlikely.net,2013-01-27
2244,againstnight.net,2013-01-27
2245,angernight.net,2013-01-27
2246,againstlittle.net,2013-01-27
2247,angerlittle.net,2013-01-27
2248,againstnothing.net,2013-01-27
2249,angernothing.net,2013-01-27
2250,airplanelikely.net,2013-01-27
2251,angrylikely.net,2013-01-27
2252,airplanenight.net,2013-01-27
2253,angrynight.net,2013-01-27
2254,airplanelittle.net,2013-01-27
2255,angrylittle.net,2013-01-27
2256,airplanenothing.net,2013-01-27
2257,angrynothing.net,2013-01-27
2258,arrivelikely.net,2013-01-27
2259,becauselikely.net,2013-01-27
2260,arrivenight.net,2013-01-27
2261,becausenight.net,2013-01-27
2262,arrivelittle.net,2013-01-27
2263,becauselittle.net,2013-01-27
2264,arrivenothing.net,2013-01-27
2265,becausenothing.net,2013-01-27
2266,articlelikely.net,2013-01-27
2267,becomelikely.net,2013-01-27
2268,articlenight.net,2013-01-27
2269,becomenight.net,2013-01-27
2270,articlelittle.net,2013-01-27
2271,becomelittle.net,2013-01-27
2272,articlenothing.net,2013-01-27
2273,becomenothing.net,2013-01-27
2274,abovematter.net,2013-01-27
2275,alreadymatter.net,2013-01-27
2276,aboveoften.net,2013-01-27
2277,alreadyoften.net,2013-01-27
2278,abovemeasure.net,2013-01-27
2279,alreadymeasure.net,2013-01-27
2280,aboveorder.net,2013-01-27
2281,alreadyorder.net,2013-01-27
2282,actionmatter.net,2013-01-27
2283,althoughmatter.net,2013-01-27
2284,actionoften.net,2013-01-27
2285,althoughoften.net,2013-01-27
2286,actionmeasure.net,2013-01-27
2287,althoughmeasure.net,2013-01-27
2288,actionorder.net,2013-01-27
2289,althoughorder.net,2013-01-27
2290,answermatter.net,2013-01-27
2291,basketmatter.net,2013-01-27
2292,answeroften.net,2013-01-27
2293,basketoften.net,2013-01-27
2294,answermeasure.net,2013-01-27
2295,advancefollow.net,2013-01-28
2296,alwaysfollow.net,2013-01-28
2297,advancehusband.net,2013-01-28
2298,alwayshusband.net,2013-01-28
2299,advanceforest.net,2013-01-28
2300,alwaysforest.net,2013-01-28
2301,advanceincrease.net,2013-01-28
2302,alwaysincrease.net,2013-01-28
2303,afraidfollow.net,2013-01-28
2304,amountfollow.net,2013-01-28
2305,afraidhusband.net,2013-01-28
2306,amounthusband.net,2013-01-28
2307,afraidforest.net,2013-01-28
2308,amountforest.net,2013-01-28
2309,afraidincrease.net,2013-01-28
2310,amountincrease.net,2013-01-28
2311,applefollow.net,2013-01-28
2312,beautyfollow.net,2013-01-28
2313,applehusband.net,2013-01-28
2314,beautyhusband.net,2013-01-28
2315,appleforest.net,2013-01-28
2316,beautyforest.net,2013-01-28
2317,appleincrease.net,2013-01-28
2318,beautyincrease.net,2013-01-28
2319,aroundfollow.net,2013-01-28
2320,becamefollow.net,2013-01-28
2321,aroundhusband.net,2013-01-28
2322,becamehusband.net,2013-01-28
2323,aroundforest.net,2013-01-28
2324,becameforest.net,2013-01-28
2325,aroundincrease.net,2013-01-28
2326,becameincrease.net,2013-01-28
2327,almostfollow.net,2013-01-28
2328,animalfollow.net,2013-01-28
2329,almosthusband.net,2013-01-28
2330,animalhusband.net,2013-01-28
2331,almostforest.net,2013-01-28
2332,animalforest.net,2013-01-28
2333,almostincrease.net,2013-01-28
2334,animalincrease.net,2013-01-28
2335,alonefollow.net,2013-01-28
2336,anotherfollow.net,2013-01-28
2337,alonehusband.net,2013-01-28
2338,anotherhusband.net,2013-01-28
2339,aloneforest.net,2013-01-28
2340,anotherforest.net,2013-01-28
2341,aloneincrease.net,2013-01-28
2342,anotherincrease.net,2013-01-28
2343,attemptfollow.net,2013-01-28
2344,beforefollow.net,2013-01-28
2345,attempthusband.net,2013-01-28
2346,beforehusband.net,2013-01-28
2347,attemptforest.net,2013-01-28
2348,beforeforest.net,2013-01-28
2349,attemptincrease.net,2013-01-28
2350,beforeincrease.net,2013-01-28
2351,bankerfollow.net,2013-01-28
2352,beginfollow.net,2013-01-28
2353,bankerhusband.net,2013-01-28
2354,beginhusband.net,2013-01-28
2355,bankerforest.net,2013-01-28
2356,beginforest.net,2013-01-28
2357,bankerincrease.net,2013-01-28
2358,beginincrease.net,2013-01-28
2359,advancefresh.net,2013-01-28
2360,alwaysfresh.net,2013-01-28
2361,advancekitchen.net,2013-01-28
2362,alwayskitchen.net,2013-01-28
2363,advancefurther.net,2013-01-28
2364,alwaysfurther.net,2013-01-28
2365,advancelabor.net,2013-01-28
2366,alwayslabor.net,2013-01-28
2367,afraidfresh.net,2013-01-28
2368,amountfresh.net,2013-01-28
2369,afraidkitchen.net,2013-01-28
2370,amountkitchen.net,2013-01-28
2371,afraidfurther.net,2013-01-28
2372,amountfurther.net,2013-01-28
2373,afraidlabor.net,2013-01-28
2374,amountlabor.net,2013-01-28
2375,applefresh.net,2013-01-28
2376,beautyfresh.net,2013-01-28
2377,applekitchen.net,2013-01-28
2378,beautykitchen.net,2013-01-28
2379,applefurther.net,2013-01-28
2380,chargefamous.net,2013-01-29
2381,cleanfamous.net,2013-01-29
2382,chargegovern.net,2013-01-29
2383,cleangovern.net,2013-01-29
2384,chargefather.net,2013-01-29
2385,cleanfather.net,2013-01-29
2386,chargehappen.net,2013-01-29
2387,cleanhappen.net,2013-01-29
2388,chieffamous.net,2013-01-29
2389,clearfamous.net,2013-01-29
2390,chiefgovern.net,2013-01-29
2391,cleargovern.net,2013-01-29
2392,chieffather.net,2013-01-29
2393,clearfather.net,2013-01-29
2394,chiefhappen.net,2013-01-29
2395,clearhappen.net,2013-01-29
2396,considerfamous.net,2013-01-29
2397,crowdfamous.net,2013-01-29
2398,considergovern.net,2013-01-29
2399,crowdgovern.net,2013-01-29
2400,considerfather.net,2013-01-29
2401,crowdfather.net,2013-01-29
2402,considerhappen.net,2013-01-29
2403,crowdhappen.net,2013-01-29
2404,containfamous.net,2013-01-29
2405,daughterfamous.net,2013-01-29
2406,containgovern.net,2013-01-29
2407,daughtergovern.net,2013-01-29
2408,containfather.net,2013-01-29
2409,daughterfather.net,2013-01-29
2410,containhappen.net,2013-01-29
2411,daughterhappen.net,2013-01-29
2412,choosefamous.net,2013-01-29
2413,collegefamous.net,2013-01-29
2414,choosegovern.net,2013-01-29
2415,collegegovern.net,2013-01-29
2416,choosefather.net,2013-01-29
2417,collegefather.net,2013-01-29
2418,choosehappen.net,2013-01-29
2419,collegehappen.net,2013-01-29
2420,cigarettefamous.net,2013-01-29
2421,companyfamous.net,2013-01-29
2422,cigarettegovern.net,2013-01-29
2423,companygovern.net,2013-01-29
2424,cigarettefather.net,2013-01-29
2425,companyfather.net,2013-01-29
2426,cigarettehappen.net,2013-01-29
2427,companyhappen.net,2013-01-29
2428,cornerfamous.net,2013-01-29
2429,delightfamous.net,2013-01-29
2430,cornergovern.net,2013-01-29
2431,delightgovern.net,2013-01-29
2432,cornerfather.net,2013-01-29
2433,delightfather.net,2013-01-29
2434,cornerhappen.net,2013-01-29
2435,delighthappen.net,2013-01-29
2436,countryfamous.net,2013-01-29
2437,demandfamous.net,2013-01-29
2438,countrygovern.net,2013-01-29
2439,demandgovern.net,2013-01-29
2440,countryfather.net,2013-01-29
2441,demandfather.net,2013-01-29
2442,countryhappen.net,2013-01-29
2443,demandhappen.net,2013-01-29
2444,chargefinger.net,2013-01-29
2445,cleanfinger.net,2013-01-29
2446,chargehistory.net,2013-01-29
2447,cleanhistory.net,2013-01-29
2448,chargeflier.net,2013-01-29
2449,cleanflier.net,2013-01-29
2450,chargehowever.net,2013-01-29
2451,cleanhowever.net,2013-01-29
2452,chieffinger.net,2013-01-29
2453,clearfinger.net,2013-01-29
2454,chiefhistory.net,2013-01-29
2455,clearhistory.net,2013-01-29
2456,chiefflier.net,2013-01-29
2457,clearflier.net,2013-01-29
2458,chiefhowever.net,2013-01-29
2459,clearhowever.net,2013-01-29
2460,considerfinger.net,2013-01-29
2461,crowdfinger.net,2013-01-29
2462,considerhistory.net,2013-01-29
2463,crowdhistory.net,2013-01-29
2464,considerflier.net,2013-01-29
2465,chancefollow.net,2013-01-30
2466,circlefollow.net,2013-01-30
2467,chancehusband.net,2013-01-30
2468,circlehusband.net,2013-01-30
2469,chanceforest.net,2013-01-30
2470,circleforest.net,2013-01-30
2471,chanceincrease.net,2013-01-30
2472,circleincrease.net,2013-01-30
2473,characterfollow.net,2013-01-30
2474,classfollow.net,2013-01-30
2475,characterhusband.net,2013-01-30
2476,classhusband.net,2013-01-30
2477,characterforest.net,2013-01-30
2478,classforest.net,2013-01-30
2479,characterincrease.net,2013-01-30
2480,classincrease.net,2013-01-30
2481,completefollow.net,2013-01-30
2482,coursefollow.net,2013-01-30
2483,completehusband.net,2013-01-30
2484,coursehusband.net,2013-01-30
2485,completeforest.net,2013-01-30
2486,courseforest.net,2013-01-30
2487,completeincrease.net,2013-01-30
2488,courseincrease.net,2013-01-30
2489,conditionfollow.net,2013-01-30
2490,coverfollow.net,2013-01-30
2491,conditionhusband.net,2013-01-30
2492,coverhusband.net,2013-01-30
2493,conditionforest.net,2013-01-30
2494,coverforest.net,2013-01-30
2495,conditionincrease.net,2013-01-30
2496,coverincrease.net,2013-01-30
2497,childhoodfollow.net,2013-01-30
2498,closefollow.net,2013-01-30
2499,childhoodhusband.net,2013-01-30
2500,closehusband.net,2013-01-30
2501,childhoodforest.net,2013-01-30
2502,closeforest.net,2013-01-30
2503,childhoodincrease.net,2013-01-30
2504,closeincrease.net,2013-01-30
2505,childrenfollow.net,2013-01-30
2506,clothesfollow.net,2013-01-30
2507,childrenhusband.net,2013-01-30
2508,clotheshusband.net,2013-01-30
2509,childrenforest.net,2013-01-30
2510,clothesforest.net,2013-01-30
2511,childrenincrease.net,2013-01-30
2512,clothesincrease.net,2013-01-30
2513,continuefollow.net,2013-01-30
2514,decidefollow.net,2013-01-30
2515,continuehusband.net,2013-01-30
2516,decidehusband.net,2013-01-30
2517,continueforest.net,2013-01-30
2518,decideforest.net,2013-01-30
2519,continueincrease.net,2013-01-30
2520,decideincrease.net,2013-01-30
2521,controlfollow.net,2013-01-30
2522,degreefollow.net,2013-01-30
2523,controlhusband.net,2013-01-30
2524,degreehusband.net,2013-01-30
2525,controlforest.net,2013-01-30
2526,degreeforest.net,2013-01-30
2527,controlincrease.net,2013-01-30
2528,degreeincrease.net,2013-01-30
2529,chancefresh.net,2013-01-30
2530,circlefresh.net,2013-01-30
2531,chancekitchen.net,2013-01-30
2532,circlekitchen.net,2013-01-30
2533,chancefurther.net,2013-01-30
2534,circlefurther.net,2013-01-30
2535,chancelabor.net,2013-01-30
2536,circlelabor.net,2013-01-30
2537,characterfresh.net,2013-01-30
2538,classfresh.net,2013-01-30
2539,characterkitchen.net,2013-01-30
2540,classkitchen.net,2013-01-30
2541,characterfurther.net,2013-01-30
2542,classfurther.net,2013-01-30
2543,characterlabor.net,2013-01-30
2544,classlabor.net,2013-01-30
2545,completefresh.net,2013-01-30
2546,coursefresh.net,2013-01-30
2547,completekitchen.net,2013-01-30
2548,coursekitchen.net,2013-01-30
2549,completefurther.net,2013-01-30
2550,abovefamous.net,2013-01-31
2551,alreadyfamous.net,2013-01-31
2552,abovegovern.net,2013-01-31
2553,alreadygovern.net,2013-01-31
2554,abovefather.net,2013-01-31
2555,alreadyfather.net,2013-01-31
2556,abovehappen.net,2013-01-31
2557,alreadyhappen.net,2013-01-31
2558,actionfamous.net,2013-01-31
2559,althoughfamous.net,2013-01-31
2560,actiongovern.net,2013-01-31
2561,althoughgovern.net,2013-01-31
2562,actionfather.net,2013-01-31
2563,althoughfather.net,2013-01-31
2564,actionhappen.net,2013-01-31
2565,althoughhappen.net,2013-01-31
2566,answerfamous.net,2013-01-31
2567,basketfamous.net,2013-01-31
2568,answergovern.net,2013-01-31
2569,basketgovern.net,2013-01-31
2570,answerfather.net,2013-01-31
2571,basketfather.net,2013-01-31
2572,answerhappen.net,2013-01-31
2573,baskethappen.net,2013-01-31
2574,appearfamous.net,2013-01-31
2575,battlefamous.net,2013-01-31
2576,appeargovern.net,2013-01-31
2577,battlegovern.net,2013-01-31
2578,appearfather.net,2013-01-31
2579,battlefather.net,2013-01-31
2580,appearhappen.net,2013-01-31
2581,battlehappen.net,2013-01-31
2582,againstfamous.net,2013-01-31
2583,angerfamous.net,2013-01-31
2584,againstgovern.net,2013-01-31
2585,angergovern.net,2013-01-31
2586,againstfather.net,2013-01-31
2587,angerfather.net,2013-01-31
2588,againsthappen.net,2013-01-31
2589,angerhappen.net,2013-01-31
2590,airplanefamous.net,2013-01-31
2591,angryfamous.net,2013-01-31
2592,airplanegovern.net,2013-01-31
2593,angrygovern.net,2013-01-31
2594,airplanefather.net,2013-01-31
2595,angryfather.net,2013-01-31
2596,airplanehappen.net,2013-01-31
2597,angryhappen.net,2013-01-31
2598,arrivefamous.net,2013-01-31
2599,becausefamous.net,2013-01-31
2600,arrivegovern.net,2013-01-31
2601,becausegovern.net,2013-01-31
2602,arrivefather.net,2013-01-31
2603,becausefather.net,2013-01-31
2604,arrivehappen.net,2013-01-31
2605,becausehappen.net,2013-01-31
2606,articlefamous.net,2013-01-31
2607,becomefamous.net,2013-01-31
2608,articlegovern.net,2013-01-31
2609,becomegovern.net,2013-01-31
2610,articlefather.net,2013-01-31
2611,becomefather.net,2013-01-31
2612,articlehappen.net,2013-01-31
2613,becomehappen.net,2013-01-31
2614,abovefinger.net,2013-01-31
2615,alreadyfinger.net,2013-01-31
2616,abovehistory.net,2013-01-31
2617,alreadyhistory.net,2013-01-31
2618,aboveflier.net,2013-01-31
2619,alreadyflier.net,2013-01-31
2620,abovehowever.net,2013-01-31
2621,alreadyhowever.net,2013-01-31
2622,actionfinger.net,2013-01-31
2623,althoughfinger.net,2013-01-31
2624,actionhistory.net,2013-01-31
2625,althoughhistory.net,2013-01-31
2626,actionflier.net,2013-01-31
2627,althoughflier.net,2013-01-31
2628,actionhowever.net,2013-01-31
2629,althoughhowever.net,2013-01-31
2630,answerfinger.net,2013-01-31
2631,basketfinger.net,2013-01-31
2632,answerhistory.net,2013-01-31
2633,baskethistory.net,2013-01-31
2634,answerflier.net,2013-01-31
2635,chargemillion.net,2013-02-01
2636,cleanmillion.net,2013-02-01
2637,chargepeople.net,2013-02-01
2638,cleanpeople.net,2013-02-01
2639,chargemister.net,2013-02-01
2640,cleanmister.net,2013-02-01
2641,chargeperhaps.net,2013-02-01
2642,cleanperhaps.net,2013-02-01
2643,chiefmillion.net,2013-02-01
2644,clearmillion.net,2013-02-01
2645,chiefpeople.net,2013-02-01
2646,clearpeople.net,2013-02-01
2647,chiefmister.net,2013-02-01
2648,clearmister.net,2013-02-01
2649,chiefperhaps.net,2013-02-01
2650,clearperhaps.net,2013-02-01
2651,considermillion.net,2013-02-01
2652,crowdmillion.net,2013-02-01
2653,considerpeople.net,2013-02-01
2654,crowdpeople.net,2013-02-01
2655,considermister.net,2013-02-01
2656,crowdmister.net,2013-02-01
2657,considerperhaps.net,2013-02-01
2658,crowdperhaps.net,2013-02-01
2659,containmillion.net,2013-02-01
2660,daughtermillion.net,2013-02-01
2661,containpeople.net,2013-02-01
2662,daughterpeople.net,2013-02-01
2663,containmister.net,2013-02-01
2664,daughtermister.net,2013-02-01
2665,containperhaps.net,2013-02-01
2666,daughterperhaps.net,2013-02-01
2667,choosemillion.net,2013-02-01
2668,collegemillion.net,2013-02-01
2669,choosepeople.net,2013-02-01
2670,collegepeople.net,2013-02-01
2671,choosemister.net,2013-02-01
2672,collegemister.net,2013-02-01
2673,chooseperhaps.net,2013-02-01
2674,collegeperhaps.net,2013-02-01
2675,cigarettemillion.net,2013-02-01
2676,companymillion.net,2013-02-01
2677,cigarettepeople.net,2013-02-01
2678,companypeople.net,2013-02-01
2679,cigarettemister.net,2013-02-01
2680,companymister.net,2013-02-01
2681,cigaretteperhaps.net,2013-02-01
2682,companyperhaps.net,2013-02-01
2683,cornermillion.net,2013-02-01
2684,delightmillion.net,2013-02-01
2685,cornerpeople.net,2013-02-01
2686,delightpeople.net,2013-02-01
2687,cornermister.net,2013-02-01
2688,delightmister.net,2013-02-01
2689,cornerperhaps.net,2013-02-01
2690,delightperhaps.net,2013-02-01
2691,countrymillion.net,2013-02-01
2692,demandmillion.net,2013-02-01
2693,countrypeople.net,2013-02-01
2694,demandpeople.net,2013-02-01
2695,countrymister.net,2013-02-01
2696,demandmister.net,2013-02-01
2697,countryperhaps.net,2013-02-01
2698,demandperhaps.net,2013-02-01
2699,chargenation.net,2013-02-01
2700,cleannation.net,2013-02-01
2701,chargepleasure.net,2013-02-01
2702,cleanpleasure.net,2013-02-01
2703,chargenearly.net,2013-02-01
2704,cleannearly.net,2013-02-01
2705,chargepossible.net,2013-02-01
2706,cleanpossible.net,2013-02-01
2707,chiefnation.net,2013-02-01
2708,clearnation.net,2013-02-01
2709,chiefpleasure.net,2013-02-01
2710,clearpleasure.net,2013-02-01
2711,chiefnearly.net,2013-02-01
2712,clearnearly.net,2013-02-01
2713,chiefpossible.net,2013-02-01
2714,clearpossible.net,2013-02-01
2715,considernation.net,2013-02-01
2716,crowdnation.net,2013-02-01
2717,considerpleasure.net,2013-02-01
2718,crowdpleasure.net,2013-02-01
2719,considernearly.net,2013-02-01
